2018-01-01,33,18,0.015,0.029,0.6,0.005,,,,,,,,,,,,
2018-01-02,32,20,0.012,0.036,0.8,0.005,,,,,,,,,,,,
2018-01-03,30,18,0.018,0.021,0.5,0.005,,,,,,,,,,,,
2018-01-04,39,24,0.009,0.036,0.7,0.005,,,,,,,,,,,,
2018-01-05,48,33,0.006,0.044,0.8,0.005,,,,,,,,,,,,
2018-01-06,39,26,0.014,0.034,0.7,0.005,,,,,,,,,,,,
2018-01-07,47,35,0.003,0.049,0.9,0.004,,,,,,,,,,,,
2018-01-08,52,39,0.007,0.047,0.9,0.005,,,,,,,,,,,,
2018-01-09,37,18,0.023,0.018,0.4,0.003,,,,,,,,,,,,
2018-01-10,28,12,0.023,0.015,0.4,0.003,,,,,,,,,,,,
2018-01-11,29,22,0.02,0.016,0.5,0.004,,,,,,,,,,,,
2018-01-12,20,14,0.018,0.027,0.5,0.004,,,,,,,,,,,,
2018-01-13,55,41,0.003,0.053,0.9,0.005,,,,,,,,,,,,
2018-01-14,67,54,0.008,0.044,0.8,0.005,,,,,,,,,,,,
2018-01-15,64,47,0.011,0.052,0.8,0.005,,,,,,,,,,,,
2018-01-16,99,76,0.004,0.073,1.4,0.007,,,,,,,,,,,,
2018-01-17,96,77,0.007,0.058,1,0.006,,,,,,,,,,,,
2018-01-18,77,55,0.016,0.038,0.8,0.005,,,,,,,,,,,,
2018-01-19,49,26,0.017,0.036,0.6,0.004,,,,,,,,,,,,
2018-01-20,86,57,0.014,0.048,0.9,0.006,,,,,,,,,,,,
2018-01-21,53,34,0.012,0.039,0.7,0.004,,,,,,,,,,,,
2018-01-22,40,25,0.008,0.045,0.8,0.004,,,,,,,,,,,,
2018-01-23,20,11,0.029,0.013,0.4,0.003,,,,,,,,,,,,
2018-01-24,25,10,0.029,0.013,0.4,0.004,,,,,,,,,,,,
2018-01-25,21,12,0.028,0.014,0.4,0.004,,,,,,,,,,,,
2018-01-26,29,18,0.027,0.016,0.4,0.004,,,,,,,,,,,,
2018-01-27,39,26,0.01,0.039,0.7,0.004,,,,,,,,,,,,
2018-01-28,26,18,0.028,0.019,0.5,0.004,,,,,,,,,,,,
2018-01-29,37,16,0.027,0.017,0.4,0.005,,,,,,,,,,,,
2018-01-30,35,20,0.008,0.043,0.7,0.004,,,,,,,,,,,,
2018-01-31,35,20,0.011,0.035,0.6,0.004,,,,,,,,,,,,
2018-02-01,34,22,0.012,0.038,0.7,0.004,,,,,,,,,,,,
2018-02-02,46,32,0.008,0.052,0.9,0.004,,,,,,,,,,,,
2018-02-03,32,19,0.026,0.017,0.4,0.003,,,,,,,,,,,,
2018-02-04,28,21,0.028,0.014,0.4,0.004,,,,,,,,,,,,
2018-02-05,23,15,0.025,0.018,0.4,0.003,,,,,,,,,,,,
2018-02-06,26,19,0.027,0.016,0.4,0.003,,,,,,,,,,,,
2018-02-07,34,24,0.015,0.036,0.6,0.004,,,,,,,,,,,,
2018-02-08,45,33,0.006,0.055,0.9,0.004,,,,,,,,,,,,
2018-02-09,63,48,0.005,0.064,1,0.006,,,,,,,,,,,,
2018-02-10,63,39,0.022,0.03,0.6,0.005,,,,,,,,,,,,
2018-02-11,43,14,0.028,0.017,0.4,0.004,,,,,,,,,,,,
2018-02-12,39,13,0.026,0.021,0.4,0.004,,,,,,,,,,,,
2018-02-13,41,15,0.018,0.034,0.5,0.004,,,,,,,,,,,,
2018-02-14,58,28,0.026,0.034,0.6,0.006,,,,,,,,,,,,
2018-02-15,31,14,0.03,0.016,0.4,0.004,,,,,,,,,,,,
2018-02-16,37,21,0.023,0.028,0.5,0.004,,,,,,,,,,,,
2018-02-17,39,10,0.03,0.013,0.4,0.003,,,,,,,,,,,,
2018-02-18,30,16,0.019,0.03,0.6,0.004,,,,,,,,,,,,
2018-02-19,51,35,0.012,0.044,0.8,0.004,,,,,,,,,,,,
2018-02-20,55,37,0.02,0.034,0.7,0.004,,,,,,,,,,,,
2018-02-21,31,18,0.029,0.022,0.4,0.004,,,,,,,,,,,,
2018-02-22,38,26,0.019,0.04,0.6,0.005,,,,,,,,,,,,
2018-02-23,79,60,0.021,0.039,0.8,0.004,,,,,,,,,,,,
2018-02-24,67,49,0.026,0.027,0.7,0.004,,,,,,,,,,,,
2018-02-25,36,26,0.021,0.033,0.6,0.004,,,,,,,,,,,,
2018-02-26,56,39,0.008,0.062,0.9,0.007,,,,,,,,,,,,
2018-02-27,82,57,0.003,0.077,1.2,0.009,,,,,,,,,,,,
2018-02-28,63,44,0.01,0.049,0.8,0.005,,,,,,,,,,,,
2018-03-01,35,26,0.037,0.017,0.5,0.003,,,,,,,,,,,,
2018-03-02,57,24,0.02,0.036,0.5,0.004,,,,,,,,,,,,
2018-03-03,49,26,0.014,0.048,0.6,0.006,,,,,,,,,,,,
2018-03-04,25,18,0.015,0.038,0.6,0.005,,,,,,,,,,,,
2018-03-05,8,5,0.03,0.022,0.4,0.003,,,,,,,,,,,,
2018-03-06,25,15,0.02,0.031,0.5,0.003,,,,,,,,,,,,
2018-03-07,25,16,0.021,0.03,0.5,0.003,,,,,,,,,,,,
2018-03-08,27,23,0.028,0.021,0.5,0.003,,,,,,,,,,,,
2018-03-09,41,31,0.017,0.038,0.7,0.003,,,,,,,,,,,,
2018-03-10,40,29,0.021,0.036,0.6,0.005,,,,,,,,,,,,
2018-03-11,50,35,0.036,0.025,0.5,0.004,,,,,,,,,,,,
2018-03-12,76,53,0.016,0.057,0.8,0.005,,,,,,,,,,,,
2018-03-13,55,34,0.019,0.048,0.7,0.004,,,,,,,,,,,,
2018-03-14,20,11,0.026,0.028,0.4,0.004,,,,,,,,,,,,
2018-03-15,20,12,0.014,0.029,0.4,0.002,,,,,,,,,,,,
2018-03-16,13,7,0.031,0.02,0.4,0.002,,,,,,,,,,,,
2018-03-17,28,18,0.022,0.031,0.4,0.003,,,,,,,,,,,,
2018-03-18,54,41,0.021,0.042,0.6,0.004,,,,,,,,,,,,
2018-03-19,30,23,0.025,0.03,0.5,0.002,,,,,,,,,,,,
2018-03-20,17,8,0.036,0.018,0.4,0.002,,,,,,,,,,,,
2018-03-21,13,7,0.03,0.022,0.4,0.002,,,,,,,,,,,,
2018-03-22,36,24,0.026,0.032,0.5,0.003,,,,,,,,,,,,
2018-03-23,60,44,0.035,0.04,0.6,0.005,,,,,,,,,,,,
2018-03-24,101,74,0.035,0.048,0.8,0.006,,,,,,,,,,,,
2018-03-25,115,86,0.037,0.042,0.9,0.004,,,,,,,,,,,,
2018-03-26,102,64,0.023,0.057,0.9,0.005,,,,,,,,,,,,
2018-03-27,81,51,0.032,0.051,0.8,0.006,,,,,,,,,,,,
2018-03-28,48,31,0.032,0.036,0.6,0.005,,,,,,,,,,,,
2018-03-29,51,34,0.029,0.034,0.5,0.004,,,,,,,,,,,,
2018-03-30,55,33,0.026,0.04,0.6,0.003,,,,,,,,,,,,
2018-03-31,46,25,0.035,0.036,0.5,0.005,,,,,,,,,,,,
2018-04-01,59,28,0.028,0.031,0.5,0.004,,,,,,,,,,,,
2018-04-02,57,22,0.027,0.031,0.5,0.004,,,,,,,,,,,,
2018-04-03,55,16,0.02,0.03,0.5,0.005,,,,,,,,,,,,
2018-04-04,12,6,0.026,0.021,0.4,0.002,,,,,,,,,,,,
2018-04-05,8,5,0.017,0.028,0.5,0.002,,,,,,,,,,,,
2018-04-06,89,19,0.029,0.019,0.5,0.002,,,,,,,,,,,,
2018-04-07,39,19,0.04,0.013,0.4,0.002,,,,,,,,,,,,
2018-04-08,26,12,0.031,0.023,0.4,0.003,,,,,,,,,,,,
2018-04-09,36,24,0.012,0.046,0.6,0.002,,,,,,,,,,,,
2018-04-10,37,18,0.022,0.04,0.6,0.003,,,,,,,,,,,,
2018-04-11,48,18,0.035,0.025,0.4,0.003,,,,,,,,,,,,
2018-04-12,37,13,0.032,0.029,0.4,0.004,,,,,,,,,,,,
2018-04-13,29,13,0.023,0.039,0.5,0.003,,,,,,,,,,,,
2018-04-14,18,11,0.037,0.018,0.4,0.002,,,,,,,,,,,,
2018-04-15,56,18,0.036,0.017,0.4,0.002,,,,,,,,,,,,
2018-04-16,30,19,0.035,0.028,0.5,0.002,,,,,,,,,,,,
2018-04-17,47,25,0.033,0.041,0.6,0.003,,,,,,,,,,,,
2018-04-18,55,27,0.04,0.039,0.5,0.003,,,,,,,,,,,,
2018-04-19,66,35,0.037,0.054,0.6,0.006,,,,,,,,,,,,
2018-04-20,86,47,0.044,0.059,0.8,0.006,,,,,,,,,,,,
2018-04-21,62,36,0.028,0.058,0.7,0.005,,,,,,,,,,,,
2018-04-22,33,18,0.025,0.036,0.5,0.003,,,,,,,,,,,,
2018-04-23,9,6,0.037,0.024,0.4,0.002,,,,,,,,,,,,
2018-04-24,8,5,0.034,0.024,0.4,0.002,,,,,,,,,,,,
2018-04-25,29,21,0.027,0.039,0.5,0.003,,,,,,,,,,,,
2018-04-26,37,27,0.036,0.042,0.6,0.004,,,,,,,,,,,,
2018-04-27,51,36,0.038,0.044,0.6,0.006,,,,,,,,,,,,
2018-04-28,56,36,0.039,0.038,0.5,0.005,,,,,,,,,,,,
2018-04-29,48,29,0.055,0.033,0.6,0.005,,,,,,,,,,,,
2018-04-30,74,50,0.051,0.032,0.6,0.006,,,,,,,,,,,,
2018-05-01,56,39,0.037,0.024,0.5,0.003,,,,,,,,,,,,
2018-05-02,42,32,0.023,0.029,0.6,0.003,,,,,,,,,,,,
2018-05-03,24,13,0.034,0.025,0.4,0.002,,,,,,,,,,,,
2018-05-04,35,15,0.043,0.028,0.4,0.003,,,,,,,,,,,,
2018-05-05,36,17,0.058,0.026,0.4,0.004,,,,,,,,,,,,
2018-05-06,14,9,0.039,0.022,0.4,0.002,,,,,,,,,,,,
2018-05-07,30,17,0.029,0.031,0.5,0.003,,,,,,,,,,,,
2018-05-08,15,7,0.043,0.019,0.4,0.002,,,,,,,,,,,,
2018-05-09,18,7,0.041,0.02,0.4,0.002,,,,,,,,,,,,
2018-05-10,36,20,0.04,0.03,0.4,0.004,,,,,,,,,,,,
2018-05-11,52,34,0.045,0.034,0.5,0.003,,,,,,,,,,,,
2018-05-12,29,20,0.015,0.048,0.6,0.003,,,,,,,,,,,,
2018-05-13,21,15,0.029,0.022,0.4,0.002,,,,,,,,,,,,
2018-05-14,68,53,0.035,0.038,0.7,0.004,,,,,,,,,,,,
2018-05-15,66,48,0.034,0.05,0.8,0.004,,,,,,,,,,,,
2018-05-16,38,26,0.005,0.035,0.5,0.003,,,,,,,,,,,,
2018-05-17,14,10,0.009,0.031,0.5,0.002,,,,,,,,,,,,
2018-05-18,16,6,0.013,0.023,0.4,0.002,,,,,,,,,,,,
2018-05-19,11,5,0.033,0.021,0.3,0.002,,,,,,,,,,,,
2018-05-20,11,6,0.035,0.021,0.3,0.002,,,,,,,,,,,,
2018-05-21,18,10,0.036,0.029,0.4,0.003,,,,,,,,,,,,
2018-05-22,38,21,0.029,0.03,0.5,0.003,,,,,,,,,,,,
2018-05-23,40,9,0.046,0.016,0.3,0.002,,,,,,,,,,,,
2018-05-24,81,22,0.045,0.032,0.5,0.004,,,,,,,,,,,,
2018-05-25,79,30,0.052,0.037,0.6,0.004,,,,,,,,,,,,
2018-05-26,74,32,0.063,0.04,0.6,0.004,,,,,,,,,,,,
2018-05-27,56,23,0.057,0.027,0.5,0.005,,,,,,,,,,,,
2018-05-28,44,22,0.048,0.034,0.5,0.004,,,,,,,,,,,,
2018-05-29,38,23,0.035,0.029,0.4,0.004,,,,,,,,,,,,
2018-05-30,43,26,0.031,0.027,0.5,0.003,,,,,,,,,,,,
2018-05-31,36,21,0.04,0.024,0.4,0.003,,,,,,,,,,,,
2018-06-01,34,20,0.04,0.038,0.5,0.003,,,,,,,,,,,,
2018-06-02,39,22,0.039,0.037,0.5,0.005,,,,,,,,,,,,
2018-06-03,29,19,0.044,0.032,0.5,0.003,,,,,,,,,,,,
2018-06-04,38,24,0.029,0.038,0.5,0.005,,,,,,,,,,,,
2018-06-05,38,26,0.044,0.028,0.4,0.005,,,,,,,,,,,,
2018-06-06,42,29,0.039,0.024,0.4,0.004,,,,,,,,,,,,
2018-06-07,42,27,0.027,0.03,0.4,0.003,,,,,,,,,,,,
2018-06-08,29,19,0.039,0.016,0.3,0.003,,,,,,,,,,,,
2018-06-09,35,22,0.038,0.027,0.4,0.003,,,,,,,,,,,,
2018-06-10,9,5,0.035,0.015,0.3,0.002,,,,,,,,,,,,
2018-06-11,11,5,0.024,0.02,0.3,0.002,,,,,,,,,,,,
2018-06-12,13,7,0.028,0.017,0.3,0.002,,,,,,,,,,,,
2018-06-13,24,16,0.034,0.027,0.5,0.003,,,,,,,,,,,,
2018-06-14,30,19,0.026,0.031,0.5,0.003,,,,,,,,,,,,
2018-06-15,15,8,0.029,0.02,0.4,0.002,,,,,,,,,,,,
2018-06-16,22,10,0.043,0.02,0.3,0.002,,,,,,,,,,,,
2018-06-17,46,30,0.047,0.026,0.5,0.003,,,,,,,,,,,,
2018-06-18,40,26,0.045,0.033,0.5,0.004,,,,,,,,,,,,
2018-06-19,34,23,0.031,0.035,0.5,0.005,,,,,,,,,,,,
2018-06-20,38,27,0.043,0.017,0.4,0.003,,,,,,,,,,,,
2018-06-21,34,22,0.048,0.019,0.4,0.003,,,,,,,,,,,,
2018-06-22,37,24,0.049,0.033,0.5,0.003,,,,,,,,,,,,
2018-06-23,35,21,0.049,0.029,0.5,0.005,,,,,,,,,,,,
2018-06-24,62,37,0.062,0.02,0.5,0.005,,,,,,,,,,,,
2018-06-25,57,33,0.061,0.038,0.5,0.004,,,,,,,,,,,,
2018-06-26,56,36,0.03,0.037,0.6,0.004,,,,,,,,,,,,
2018-06-27,26,18,0.041,0.025,0.5,0.003,,,,,,,,,,,,
2018-06-28,24,15,0.02,0.035,0.6,0.003,,,,,,,,,,,,
2018-06-29,36,24,0.041,0.03,0.5,0.003,,,,,,,,,,,,
2018-06-30,60,41,0.02,0.039,0.6,0.003,,,,,,,,,,,,
2018-07-01,12,8,0.014,0.025,0.4,0.002,,,,,,,,,,,,
2018-07-02,12,7,0.015,0.037,0.5,0.003,,,,,,,,,,,,
2018-07-03,14,8,0.011,0.023,0.4,0.003,,,,,,,,,,,,
2018-07-04,20,11,0.021,0.025,0.4,0.003,,,,,,,,,,,,
2018-07-05,20,14,0.018,0.023,0.4,0.003,,,,,,,,,,,,
2018-07-06,6,3,0.016,0.018,0.3,0.002,,,,,,,,,,,,
2018-07-07,8,3,0.026,0.016,0.3,0.002,,,,,,,,,,,,
2018-07-08,11,6,0.03,0.018,0.3,0.002,,,,,,,,,,,,
2018-07-09,9,5,0.009,0.019,0.3,0.002,,,,,,,,,,,,
2018-07-10,24,13,0.003,0.031,0.6,0.003,,,,,,,,,,,,
2018-07-11,37,20,0.006,0.025,0.5,0.004,,,,,,,,,,,,
2018-07-12,31,16,0.005,0.019,0.3,0.004,,,,,,,,,,,,
2018-07-13,22,14,0.011,0.019,0.3,0.004,,,,,,,,,,,,
2018-07-14,20,13,0.014,0.02,0.3,0.004,,,,,,,,,,,,
2018-07-15,23,16,0.026,0.014,0.3,0.004,,,,,,,,,,,,
2018-07-16,23,16,0.024,0.021,0.3,0.004,,,,,,,,,,,,
2018-07-17,28,21,0.016,0.021,0.3,0.005,,,,,,,,,,,,
2018-07-18,33,26,0.023,0.022,0.3,0.004,,,,,,,,,,,,
2018-07-19,26,19,0.024,0.017,0.3,0.003,,,,,,,,,,,,
2018-07-20,34,23,0.036,0.028,0.4,0.004,,,,,,,,,,,,
2018-07-21,34,23,0.045,0.031,0.4,0.005,,,,,,,,,,,,
2018-07-22,28,18,0.045,0.021,0.4,0.003,,,,,,,,,,,,
2018-07-23,31,19,0.042,0.02,0.3,0.005,,,,,,,,,,,,
2018-07-24,39,28,0.064,0.027,0.4,0.005,,,,,,,,,,,,
2018-07-25,34,21,0.025,0.025,0.4,0.005,,,,,,,,,,,,
2018-07-26,43,27,0.03,0.025,0.4,0.004,,,,,,,,,,,,
2018-07-27,52,34,0.038,0.022,0.4,0.003,,,,,,,,,,,,
2018-07-28,46,31,0.019,0.033,0.3,0.003,,,,,,,,,,,,
2018-07-29,18,13,0.026,0.016,0.2,0.003,,,,,,,,,,,,
2018-07-30,10,6,0.021,0.021,0.3,0.002,,,,,,,,,,,,
2018-07-31,18,11,0.045,0.02,0.4,0.003,,,,,,,,,,,,
2018-08-01,34,21,0.053,0.023,0.4,0.003,,,,,,,,,,,,
2018-08-02,40,29,0.066,0.027,0.5,0.004,,,,,,,,,,,,
2018-08-03,47,35,0.061,0.028,0.5,0.004,,,,,,,,,,,,
2018-08-04,27,19,0.039,0.015,0.3,0.004,,,,,,,,,,,,
2018-08-05,34,22,0.032,0.008,0.2,0.003,,,,,,,,,,,,
2018-08-06,38,25,0.031,0.02,0.2,0.003,,,,,,,,,,,,
2018-08-07,19,13,0.033,0.021,0.2,0.003,,,,,,,,,,,,
2018-08-08,30,20,0.028,0.014,0.2,0.003,,,,,,,,,,,,
2018-08-09,29,20,0.025,0.019,0.2,0.004,,,,,,,,,,,,
2018-08-10,16,11,0.029,0.018,0.3,0.003,,,,,,,,,,,,
2018-08-11,10,6,0.031,0.023,0.2,0.002,,,,,,,,,,,,
2018-08-12,17,12,0.035,0.022,0.2,0.003,,,,,,,,,,,,
2018-08-13,33,25,0.025,0.023,0.3,0.003,,,,,,,,,,,,
2018-08-14,25,16,0.033,0.023,0.4,0.004,,,,,,,,,,,,
2018-08-15,27,19,0.036,0.028,0.4,0.003,,,,,,,,,,,,
2018-08-16,19,9,0.021,0.022,0.4,0.003,,,,,,,,,,,,
2018-08-17,13,6,0.026,0.022,0.3,0.002,,,,,,,,,,,,
2018-08-18,14,6,0.036,0.02,0.3,0.003,,,,,,,,,,,,
2018-08-19,22,12,0.048,0.022,0.4,0.003,,,,,,,,,,,,
2018-08-20,31,21,0.037,0.035,0.5,0.003,,,,,,,,,,,,
2018-08-21,21,11,0.03,0.024,0.4,0.003,,,,,,,,,,,,
2018-08-22,20,12,0.031,0.03,0.4,0.003,,,,,,,,,,,,
2018-08-23,13,7,0.01,0.019,0.3,0.003,,,,,,,,,,,,
2018-08-24,8,4,0.021,0.016,0.3,0.002,,,,,,,,,,,,
2018-08-25,22,11,0.04,0.021,0.4,0.003,,,,,,,,,,,,
2018-08-26,19,10,0.031,0.023,0.4,0.003,,,,,,,,,,,,
2018-08-27,11,6,0.017,0.028,0.4,0.002,,,,,,,,,,,,
2018-08-28,11,7,0.004,0.027,0.5,0.003,,,,,,,,,,,,
2018-08-29,14,7,0.004,0.025,0.4,0.003,,,,,,,,,,,,
2018-08-30,22,13,0.012,0.031,0.4,0.003,,,,,,,,,,,,
2018-08-31,23,13,0.04,0.023,0.4,0.003,,,,,,,,,,,,
2018-09-01,19,9,0.021,0.027,0.4,0.002,,,,,,,,,,,,
2018-09-02,14,7,0.035,0.019,0.3,0.002,,,,,,,,,,,,
2018-09-03,15,8,0.015,0.031,0.4,0.003,,,,,,,,,,,,
2018-09-04,15,7,0.036,0.016,0.3,0.002,,,,,,,,,,,,
2018-09-05,24,10,0.047,0.019,0.4,0.003,,,,,,,,,,,,
2018-09-06,31,17,0.042,0.036,0.5,0.004,,,,,,,,,,,,
2018-09-07,23,11,0.051,0.016,0.4,0.003,,,,,,,,,,,,
2018-09-08,21,10,0.037,0.019,0.4,0.003,,,,,,,,,,,,
2018-09-09,19,10,0.033,0.022,0.4,0.003,,,,,,,,,,,,
2018-09-10,11,5,0.028,0.021,0.3,0.002,,,,,,,,,,,,
2018-09-11,13,6,0.025,0.023,0.3,0.002,,,,,,,,,,,,
2018-09-12,15,8,0.028,0.03,0.4,0.002,,,,,,,,,,,,
2018-09-13,19,10,0.017,0.033,0.4,0.003,,,,,,,,,,,,
2018-09-14,17,10,0.016,0.03,0.4,0.002,,,,,,,,,,,,
2018-09-15,11,6,0.018,0.028,0.4,0.002,,,,,,,,,,,,
2018-09-16,33,21,0.035,0.019,0.4,0.003,,,,,,,,,,,,
2018-09-17,25,13,0.041,0.018,0.4,0.002,,,,,,,,,,,,
2018-09-18,30,15,0.028,0.033,0.5,0.003,,,,,,,,,,,,
2018-09-19,34,18,0.024,0.04,0.6,0.003,,,,,,,,,,,,
2018-09-20,14,9,0.027,0.026,0.4,0.002,,,,,,,,,,,,
2018-09-21,7,5,0.021,0.026,0.4,0.002,,,,,,,,,,,,
2018-09-22,25,9,0.03,0.027,0.5,0.003,,,,,,,,,,,,
2018-09-23,26,9,0.034,0.019,0.4,0.003,,,,,,,,,,,,
2018-09-24,13,6,0.036,0.009,0.3,0.002,,,,,,,,,,,,
2018-09-25,14,7,0.024,0.017,0.3,0.002,,,,,,,,,,,,
2018-09-26,8,5,0.03,0.014,0.3,0.002,,,,,,,,,,,,
2018-09-27,8,5,0.027,0.018,0.3,0.002,,,,,,,,,,,,
2018-09-28,14,8,0.016,0.027,0.4,0.002,,,,,,,,,,,,
2018-09-29,14,8,0.019,0.029,0.4,0.002,,,,,,,,,,,,
2018-09-30,17,10,0.028,0.019,0.4,0.003,,,,,,,,,,,,
2018-10-01,15,8,0.032,0.012,0.3,0.002,,,,,,,,,,,,
2018-10-02,22,12,0.026,0.024,0.4,0.003,,,,,,,,,,,,
2018-10-03,22,13,0.022,0.032,0.5,0.003,,,,,,,,,,,,
2018-10-04,22,14,0.015,0.031,0.5,0.003,,,,,,,,,,,,
2018-10-05,9,7,,0.033,0.4,0.003,,,,,,,,,,,,
2018-10-06,5,3,0.022,0.019,0.3,0.002,,,,,,,,,,,,
2018-10-07,23,10,0.028,0.019,0.4,0.003,,,,,,,,,,,,
2018-10-08,20,8,0.012,0.031,0.4,0.003,,,,,,,,,,,,
2018-10-09,23,12,0.004,0.039,0.5,0.003,,,,,,,,,,,,
2018-10-10,16,9,0.02,0.015,0.4,0.002,,,,,,,,,,,,
2018-10-11,17,8,0.02,0.017,0.4,0.002,,,,,,,,,,,,
2018-10-12,22,12,0.018,0.027,0.4,0.003,,,,,,,,,,,,
2018-10-13,30,19,0.012,0.043,0.5,0.003,,,,,,,,,,,,
2018-10-14,31,20,0.028,0.032,0.5,0.003,,,,,,,,,,,,
2018-10-15,53,32,0.036,0.035,0.7,0.004,,,,,,,,,,,,
2018-10-16,41,22,0.02,0.037,0.6,0.004,,,,,,,,,,,,
2018-10-17,32,16,0.016,0.037,0.5,0.003,,,,,,,,,,,,
2018-10-18,12,7,0.017,0.023,0.4,0.003,,,,,,,,,,,,
2018-10-19,18,9,0.019,0.028,0.4,0.003,,,,,,,,,,,,
2018-10-20,35,18,0.014,0.04,0.6,0.003,,,,,,,,,,,,
2018-10-21,34,20,0.024,0.038,0.6,0.003,,,,,,,,,,,,
2018-10-22,47,30,0.017,0.055,0.7,0.005,,,,,,,,,,,,
2018-10-23,48,29,0.015,0.05,0.7,0.004,,,,,,,,,,,,
2018-10-24,38,17,0.016,0.038,0.6,0.003,,,,,,,,,,,,
2018-10-25,36,18,0.009,0.05,0.7,0.003,,,,,,,,,,,,
2018-10-26,33,17,0.012,0.042,0.6,0.004,,,,,,,,,,,,
2018-10-27,25,6,0.027,0.014,0.3,0.003,,,,,,,,,,,,
2018-10-28,14,8,0.017,0.025,0.4,0.003,,,,,,,,,,,,
2018-10-29,17,9,0.019,0.019,0.4,0.003,,,,,,,,,,,,
2018-10-30,21,11,0.018,0.017,0.4,0.003,,,,,,,,,,,,
2018-10-31,21,12,0.018,0.022,0.4,0.003,,,,,,,,,,,,
2018-11-01,31,18,0.012,0.038,0.6,0.003,,,,,,,,,,,,
2018-11-02,41,25,0.007,0.054,0.8,0.004,,,,,,,,,,,,
2018-11-03,50,33,0.012,0.055,0.8,0.004,,,,,,,,,,,,
2018-11-04,41,28,0.02,0.042,0.7,0.003,,,,,,,,,,,,
2018-11-05,56,37,0.012,0.049,0.8,0.004,,,,,,,,,,,,
2018-11-06,96,67,0.005,0.066,1,0.005,,,,,,,,,,,,
2018-11-07,58,43,0.01,0.039,0.6,0.003,,,,,,,,,,,,
2018-11-08,11,6,0.013,0.031,0.5,0.003,,,,,,,,,,,,
2018-11-09,37,22,0.031,0.024,0.5,0.004,,,,,,,,,,,,
2018-11-10,70,45,0.024,0.035,0.7,0.004,,,,,,,,,,,,
2018-11-11,66,42,0.01,0.038,0.7,0.003,,,,,,,,,,,,
2018-11-12,30,17,0.014,0.036,0.6,0.004,,,,,,,,,,,,
2018-11-13,38,22,0.011,0.042,0.7,0.004,,,,,,,,,,,,
2018-11-14,31,20,0.012,0.041,0.6,0.003,,,,,,,,,,,,
2018-11-15,43,30,0.007,0.052,0.7,0.004,,,,,,,,,,,,
2018-11-16,51,36,0.016,0.04,0.8,0.004,,,,,,,,,,,,
2018-11-17,31,19,0.01,0.031,0.6,0.003,,,,,,,,,,,,
2018-11-18,33,20,0.013,0.032,0.6,0.004,,,,,,,,,,,,
2018-11-19,54,31,0.013,0.041,0.8,0.004,,,,,,,,,,,,
2018-11-20,45,18,0.014,0.038,0.6,0.004,,,,,,,,,,,,
2018-11-21,32,17,0.013,0.035,0.5,0.003,,,,,,,,,,,,
2018-11-22,22,11,0.026,0.018,0.4,0.003,,,,,,,,,,,,
2018-11-23,24,12,0.014,0.034,0.5,0.003,,,,,,,,,,,,
2018-11-24,23,15,0.008,0.037,0.5,0.003,,,,,,,,,,,,
2018-11-25,46,35,0.007,0.045,0.8,0.003,,,,,,,,,,,,
2018-11-26,62,43,0.006,0.05,1,0.004,,,,,,,,,,,,
2018-11-27,117,51,0.008,0.047,0.9,0.004,,,,,,,,,,,,
2018-11-28,109,19,0.017,0.029,0.5,0.004,,,,,,,,,,,,
2018-11-29,70,21,0.005,0.041,0.6,0.004,,,,,,,,,,,,
2018-11-30,57,23,0.007,0.041,0.6,0.004,,,,,,,,,,,,
2018-12-01,45,24,0.005,0.05,0.7,0.004,,,,,,,,,,,,
2018-12-02,45,24,0.006,0.042,0.7,0.004,,,,,,,,,,,,
2018-12-03,43,23,0.007,0.041,0.7,0.003,,,,,,,,,,,,
2018-12-04,33,17,0.016,0.021,0.5,0.003,,,,,,,,,,,,
2018-12-05,27,13,0.014,0.023,0.4,0.003,,,,,,,,,,,,
2018-12-06,37,18,0.012,0.027,0.5,0.003,,,,,,,,,,,,
2018-12-07,22,10,0.029,0.01,0.3,0.003,,,,,,,,,,,,
2018-12-08,23,10,0.029,0.01,0.3,0.003,,,,,,,,,,,,
2018-12-09,21,12,0.026,0.016,0.4,0.003,,,,,,,,,,,,
2018-12-10,34,21,0.006,0.043,0.7,0.003,,,,,,,,,,,,
2018-12-11,42,28,0.004,0.046,0.7,0.004,,,,,,,,,,,,
2018-12-12,46,27,0.018,0.028,0.5,0.004,,,,,,,,,,,,
2018-12-13,39,26,0.019,0.03,0.6,0.004,,,,,,,,,,,,
2018-12-14,31,20,0.016,0.029,0.4,0.003,,,,,,,,,,,,
2018-12-15,59,42,0.004,0.053,0.8,0.004,,,,,,,,,,,,
2018-12-16,58,45,0.002,0.055,0.9,0.004,,,,,,,,,,,,
2018-12-17,74,50,0.011,0.041,0.8,0.005,,,,,,,,,,,,
2018-12-18,46,27,0.007,0.052,0.8,0.005,,,,,,,,,,,,
2018-12-19,50,29,0.01,0.048,0.7,0.005,,,,,,,,,,,,
2018-12-20,54,35,0.004,0.059,0.9,0.005,,,,,,,,,,,,
2018-12-21,70,45,0.003,0.069,1,0.007,,,,,,,,,,,,
2018-12-22,79,56,0.012,0.059,0.9,0.006,,,,,,,,,,,,
2018-12-23,50,28,0.028,0.022,0.6,0.004,,,,,,,,,,,,
2018-12-24,22,12,0.017,0.03,0.4,0.004,,,,,,,,,,,,
2018-12-25,32,20,0.003,0.052,0.7,0.005,,,,,,,,,,,,
2018-12-26,47,25,0.019,0.026,0.6,0.004,,,,,,,,,,,,
2018-12-27,25,9,0.027,0.013,0.3,0.003,,,,,,,,,,,,
2018-12-28,34,14,0.018,0.019,0.4,0.003,,,,,,,,,,,,
2018-12-29,36,10,0.026,0.015,0.4,0.003,,,,,,,,,,,,
2018-12-30,32,18,0.013,0.031,0.6,0.004,,,,,,,,,,,,
2018-12-31,46,31,0.006,0.049,0.8,0.003,,,,,,,,,,,,
2019-01-01,36,25,0.02,0.03,0.6,0.003,,,,,,,,,,,,
2019-01-02,33,22,0.015,0.036,0.6,0.004,,,,,,,,,,,,
2019-01-03,35,22,0.007,0.048,0.7,0.004,,,,,,,,,,,,
2019-01-04,55,38,0.003,0.068,1,0.006,,,,,,,,,,,,
2019-01-05,60,38,0.021,0.03,0.6,0.005,,,,,,,,,,,,
2019-01-06,42,20,0.011,0.041,0.6,0.004,,,,,,,,,,,,
2019-01-07,51,32,0.01,0.053,0.9,0.005,,,,,,,,,,,,
2019-01-08,38,18,0.025,0.023,0.5,0.005,,,,,,,,,,,,
2019-01-09,47,22,0.009,0.041,0.7,0.004,,,,,,,,,,,,
2019-01-10,51,30,0.005,0.052,0.7,0.005,,,,,,,,,,,,
2019-01-11,71,48,0.004,0.061,1,0.005,,,,,,,,,,,,
2019-01-12,89,63,0.01,0.058,1,0.005,,,,,,,,,,,,
2019-01-13,107,73,0.018,0.05,1.1,0.005,,,,,,,,,,,,
2019-01-14,155,113,0.005,0.073,1.4,0.006,,,,,,,,,,,,
2019-01-15,122,72,0.024,0.029,0.8,0.005,,,,,,,,,,,,
2019-01-16,43,17,0.017,0.026,0.5,0.003,,,,,,,,,,,,
2019-01-17,39,20,0.014,0.038,0.6,0.004,,,,,,,,,,,,
2019-01-18,53,32,0.01,0.054,0.8,0.005,,,,,,,,,,,,
2019-01-19,87,58,0.01,0.059,1,0.007,,,,,,,,,,,,
2019-01-20,59,30,0.029,0.019,0.5,0.004,,,,,,,,,,,,
2019-01-21,42,19,0.009,0.044,0.7,0.004,,,,,,,,,,,,
2019-01-22,61,28,0.009,0.052,0.9,0.005,,,,,,,,,,,,
2019-01-23,69,39,0.019,0.041,0.8,0.005,,,,,,,,,,,,
2019-01-24,36,18,0.012,0.043,0.6,0.004,,,,,,,,,,,,
2019-01-25,44,18,0.023,0.028,0.5,0.004,,,,,,,,,,,,
2019-01-26,40,19,0.028,0.019,0.4,0.004,,,,,,,,,,,,
2019-01-27,34,18,0.015,0.038,0.6,0.004,,,,,,,,,,,,
2019-01-28,73,20,0.027,0.022,0.5,0.004,,,,,,,,,,,,
2019-01-29,62,20,0.008,0.048,0.6,0.005,,,,,,,,,,,,
2019-01-30,54,26,0.009,0.054,0.7,0.005,,,,,,,,,,,,
2019-01-31,63,19,0.019,0.024,0.5,0.004,,,,,,,,,,,,
2019-02-01,35,16,0.014,0.034,0.5,0.004,,,,,,,,,,,,
2019-02-02,56,33,0.005,0.051,0.8,0.004,,,,,,,,,,,,
2019-02-03,35,25,0.018,0.031,0.7,0.003,,,,,,,,,,,,
2019-02-04,71,35,0.028,0.021,0.5,0.003,,,,,,,,,,,,
2019-02-05,76,25,0.011,0.046,0.7,0.004,,,,,,,,,,,,
2019-02-06,90,31,0.015,0.047,0.7,0.005,,,,,,,,,,,,
2019-02-07,59,29,0.033,0.015,0.5,0.003,,,,,,,,,,,,
2019-02-08,30,16,0.02,0.024,0.5,0.003,,,,,,,,,,,,
2019-02-09,35,17,0.03,0.015,0.4,0.003,,,,,,,,,,,,
2019-02-10,41,23,0.022,0.025,0.5,0.004,,,,,,,,,,,,
2019-02-11,37,22,0.027,0.024,0.5,0.004,,,,,,,,,,,,
2019-02-12,55,34,0.031,0.027,0.7,0.005,,,,,,,,,,,,
2019-02-13,38,20,0.027,0.026,0.5,0.004,,,,,,,,,,,,
2019-02-14,46,23,0.013,0.043,0.6,0.004,,,,,,,,,,,,
2019-02-15,38,25,0.017,0.039,0.6,0.003,,,,,,,,,,,,
2019-02-16,56,43,0.038,0.017,0.7,0.004,,,,,,,,,,,,
2019-02-17,35,23,0.028,0.027,0.5,0.004,,,,,,,,,,,,
2019-02-18,39,23,0.006,0.055,0.7,0.004,,,,,,,,,,,,
2019-02-19,40,29,0.01,0.045,0.6,0.003,,,,,,,,,,,,
2019-02-20,56,44,0.027,0.033,0.7,0.004,,,,,,,,,,,,
2019-02-21,74,57,0.016,0.05,0.9,0.004,,,,,,,,,,,,
2019-02-22,66,48,0.016,0.054,0.9,0.005,,,,,,,,,,,,
2019-02-23,48,32,0.016,0.052,0.8,0.004,,,,,,,,,,,,
2019-02-24,60,44,0.024,0.051,0.8,0.005,,,,,,,,,,,,
2019-02-25,74,53,0.024,0.039,0.7,0.004,,,,,,,,,,,,
2019-02-26,47,24,0.019,0.042,0.6,0.004,,,,,,,,,,,,
2019-02-27,61,39,0.018,0.054,0.7,0.005,,,,,,,,,,,,
2019-02-28,79,51,0.028,0.053,0.8,0.005,,,,,,,,,,,,
2019-03-01,109,75,0.031,0.056,0.9,0.005,,,,,,,,,,,,
2019-03-02,109,75,0.026,0.061,1,0.005,,,,,,,,,,,,
2019-03-03,101,69,0.037,0.049,0.9,0.005,,,,,,,,,,,,
2019-03-04,150,103,0.038,0.051,1,0.005,,,,,,,,,,,,
2019-03-05,174,122,0.041,0.04,0.9,0.005,,,,,,,,,,,,
2019-03-06,130,90,0.036,0.048,0.8,0.005,,,,,,,,,,,,
2019-03-07,52,35,0.039,0.03,0.6,0.003,,,,,,,,,,,,
2019-03-08,42,23,0.024,0.044,0.6,0.004,,,,,,,,,,,,
2019-03-09,41,26,0.013,0.059,0.7,0.006,,,,,,,,,,,,
2019-03-10,45,29,0.03,0.037,0.5,0.004,,,,,,,,,,,,
2019-03-11,63,41,0.021,0.043,0.7,0.004,,,,,,,,,,,,
2019-03-12,76,45,0.033,0.029,0.6,0.003,,,,,,,,,,,,
2019-03-13,35,10,0.032,0.024,0.4,0.003,,,,,,,,,,,,
2019-03-14,40,20,0.026,0.037,0.5,0.004,,,,,,,,,,,,
2019-03-15,51,29,0.028,0.035,0.5,0.003,,,,,,,,,,,,
2019-03-16,37,24,0.028,0.028,0.5,0.003,,,,,,,,,,,,
2019-03-17,32,19,0.033,0.027,0.4,0.003,,,,,,,,,,,,
2019-03-18,36,20,0.014,0.052,0.6,0.005,,,,,,,,,,,,
2019-03-19,59,36,0.018,0.059,0.8,0.006,,,,,,,,,,,,
2019-03-20,89,62,0.011,0.06,0.8,0.005,,,,,,,,,,,,
2019-03-21,30,21,0.038,0.024,0.5,0.002,,,,,,,,,,,,
2019-03-22,33,17,0.042,0.014,0.4,0.003,,,,,,,,,,,,
2019-03-23,22,13,0.032,0.026,0.4,0.003,,,,,,,,,,,,
2019-03-24,24,11,0.038,0.022,0.4,0.003,,,,,,,,,,,,
2019-03-25,40,23,0.035,0.038,0.5,0.004,,,,,,,,,,,,
2019-03-26,51,29,0.037,0.036,0.5,0.004,,,,,,,,,,,,
2019-03-27,82,51,0.054,0.033,0.6,0.005,,,,,,,,,,,,
2019-03-28,74,43,0.037,0.03,0.5,0.003,,,,,,,,,,,,
2019-03-29,34,17,0.043,0.024,0.4,0.003,,,,,,,,,,,,
2019-03-30,31,21,0.043,0.02,0.4,0.002,,,,,,,,,,,,
2019-03-31,38,23,0.043,0.014,0.4,0.002,,,,,,,,,,,,
2019-04-01,22,11,0.041,0.02,0.4,0.003,,,,,,,,,,,,
2019-04-02,29,15,0.035,0.029,0.4,0.003,,,,,,,,,,,,
2019-04-03,34,20,0.037,0.034,0.5,0.003,,,,,,,,,,,,
2019-04-04,32,17,0.036,0.034,0.5,0.004,,,,,,,,,,,,
2019-04-05,63,20,0.045,0.025,0.4,0.003,,,,,,,,,,,,
2019-04-06,50,16,0.017,0.046,0.6,0.003,,,,,,,,,,,,
2019-04-07,34,15,0.032,0.027,0.5,0.003,,,,,,,,,,,,
2019-04-08,32,12,0.037,0.027,0.4,0.003,,,,,,,,,,,,
2019-04-09,25,10,0.026,0.034,0.4,0.003,,,,,,,,,,,,
2019-04-10,6,3,0.038,0.019,0.3,0.002,,,,,,,,,,,,
2019-04-11,24,14,0.025,0.037,0.5,0.003,,,,,,,,,,,,
2019-04-12,47,29,0.035,0.041,0.5,0.004,,,,,,,,,,,,
2019-04-13,45,29,0.042,0.041,0.6,0.004,,,,,,,,,,,,
2019-04-14,34,18,0.049,0.024,0.4,0.003,,,,,,,,,,,,
2019-04-15,44,15,0.027,0.045,0.5,0.004,,,,,,,,,,,,
2019-04-16,43,20,0.032,0.048,0.6,0.005,,,,,,,,,,,,
2019-04-17,33,17,0.034,0.042,0.5,0.004,,,,,,,,,,,,
2019-04-18,34,18,0.027,0.034,0.4,0.004,,,,,,,,,,,,
2019-04-19,38,19,0.026,0.033,0.5,0.002,,,,,,,,,,,,
2019-04-20,41,19,0.035,0.028,0.4,0.003,,,,,,,,,,,,
2019-04-21,26,16,0.037,0.022,0.4,0.002,,,,,,,,,,,,
2019-04-22,80,30,0.033,0.045,0.6,0.003,,,,,,,,,,,,
2019-04-23,75,35,0.035,0.051,0.7,0.005,,,,,,,,,,,,
2019-04-24,51,31,0.03,0.032,0.5,0.003,,,,,,,,,,,,
2019-04-25,34,14,0.021,0.031,0.5,0.003,,,,,,,,,,,,
2019-04-26,8,5,0.03,0.022,0.3,0.002,,,,,,,,,,,,
2019-04-27,14,8,0.032,0.024,0.4,0.002,,,,,,,,,,,,
2019-04-28,16,10,0.045,0.022,0.4,0.003,,,,,,,,,,,,
2019-04-29,21,14,0.024,0.041,0.5,0.003,,,,,,,,,,,,
2019-04-30,28,16,0.027,0.04,0.6,0.003,,,,,,,,,,,,
2019-05-01,49,21,0.042,0.029,0.5,0.003,,,,,,,,,,,,
2019-05-02,47,13,0.042,0.024,0.4,0.003,,,,,,,,,,,,
2019-05-03,54,27,0.039,0.051,0.7,0.006,,,,,,,,,,,,
2019-05-04,80,50,0.052,0.05,0.7,0.006,,,,,,,,,,,,
2019-05-05,62,38,0.055,0.038,0.6,0.005,,,,,,,,,,,,
2019-05-06,26,8,0.049,0.011,0.3,0.003,,,,,,,,,,,,
2019-05-07,39,14,0.043,0.031,0.5,0.004,,,,,,,,,,,,
2019-05-08,43,19,0.055,0.032,0.5,0.005,,,,,,,,,,,,
2019-05-09,39,19,0.049,0.032,0.5,0.005,,,,,,,,,,,,
2019-05-10,53,28,0.048,0.04,0.5,0.004,,,,,,,,,,,,
2019-05-11,54,29,0.043,0.046,0.6,0.005,,,,,,,,,,,,
2019-05-12,47,29,0.058,0.041,0.6,0.005,,,,,,,,,,,,
2019-05-13,46,29,0.038,0.05,0.6,0.005,,,,,,,,,,,,
2019-05-14,35,25,0.048,0.033,0.5,0.005,,,,,,,,,,,,
2019-05-15,55,34,0.042,0.039,0.5,0.004,,,,,,,,,,,,
2019-05-16,54,35,0.048,0.038,0.6,0.004,,,,,,,,,,,,
2019-05-17,47,31,0.039,0.044,0.5,0.004,,,,,,,,,,,,
2019-05-18,26,15,0.037,0.027,0.4,0.004,,,,,,,,,,,,
2019-05-19,15,10,0.02,0.023,0.4,0.003,,,,,,,,,,,,
2019-05-20,30,9,0.035,0.017,0.4,0.003,,,,,,,,,,,,
2019-05-21,43,15,0.05,0.025,0.5,0.005,,,,,,,,,,,,
2019-05-22,45,22,0.064,0.029,0.5,0.005,,,,,,,,,,,,
2019-05-23,60,34,0.071,0.04,0.6,0.006,,,,,,,,,,,,
2019-05-24,70,43,0.077,0.046,0.7,0.008,,,,,,,,,,,,
2019-05-25,69,43,0.061,0.035,0.6,0.006,,,,,,,,,,,,
2019-05-26,33,20,0.051,0.031,0.5,0.005,,,,,,,,,,,,
2019-05-27,20,12,0.033,0.023,0.4,0.003,,,,,,,,,,,,
2019-05-28,17,6,0.042,0.019,0.4,0.003,,,,,,,,,,,,
2019-05-29,37,17,0.048,0.034,0.5,0.004,,,,,,,,,,,,
2019-05-30,36,20,0.049,0.038,0.6,0.005,,,,,,,,,,,,
2019-05-31,16,9,0.055,0.019,0.3,0.003,,,,,,,,,,,,
2019-06-01,26,19,0.052,0.023,0.4,0.004,,,,,,,,,,,,
2019-06-02,28,18,0.055,0.026,0.5,0.004,,,,,,,,,,,,
2019-06-03,30,18,0.047,0.037,0.5,0.003,,,,,,,,,,,,
2019-06-04,23,16,0.035,0.027,0.4,0.004,,,,,,,,,,,,
2019-06-05,38,26,0.039,0.032,0.5,0.003,,,,,,,,,,,,
2019-06-06,47,32,0.029,0.039,0.6,0.003,,,,,,,,,,,,
2019-06-07,11,7,0.054,0.019,0.4,0.002,,,,,,,,,,,,
2019-06-08,20,13,0.05,0.025,0.4,0.003,,,,,,,,,,,,
2019-06-09,29,20,0.054,0.019,0.5,0.004,,,,,,,,,,,,
2019-06-10,9,5,0.029,0.02,0.4,0.002,,,,,,,,,,,,
2019-06-11,9,6,0.041,0.018,0.3,0.002,,,,,,,,,,,,
2019-06-12,21,12,0.034,0.027,0.4,0.003,,,,,,,,,,,,
2019-06-13,22,15,0.043,0.029,0.4,0.003,,,,,,,,,,,,
2019-06-14,26,17,0.05,0.02,0.4,0.003,,,,,,,,,,,,
2019-06-15,26,16,0.047,0.014,0.4,0.002,,,,,,,,,,,,
2019-06-16,11,8,0.046,0.017,0.3,0.002,,,,,,,,,,,,
2019-06-17,20,12,0.036,0.026,0.4,0.004,,,,,,,,,,,,
2019-06-18,26,18,0.029,0.031,0.5,0.003,,,,,,,,,,,,
2019-06-19,25,19,0.056,0.015,0.4,0.002,,,,,,,,,,,,
2019-06-20,21,16,0.052,0.016,0.4,0.002,,,,,,,,,,,,
2019-06-21,21,15,0.042,0.019,0.4,0.002,,,,,,,,,,,,
2019-06-22,10,6,0.042,0.018,0.3,0.002,,,,,,,,,,,,
2019-06-23,10,6,0.048,0.012,0.3,0.002,,,,,,,,,,,,
2019-06-24,19,12,0.045,0.027,0.4,0.003,,,,,,,,,,,,
2019-06-25,26,18,0.054,0.033,0.5,0.003,,,,,,,,,,,,
2019-06-26,30,21,0.038,0.043,0.6,0.003,,,,,,,,,,,,
2019-06-27,18,14,0.038,0.025,0.4,0.002,,,,,,,,,,,,
2019-06-28,37,28,0.031,0.036,0.6,0.004,,,,,,,,,,,,
2019-06-29,22,17,0.026,0.031,0.4,0.003,,,,,,,,,,,,
2019-06-30,31,24,0.041,0.018,0.4,0.003,,,,,,,,,,,,
2019-07-01,29,20,0.054,0.021,0.5,0.003,,,,,,,,,,,,
2019-07-02,26,19,0.053,0.02,0.5,0.003,,,,,,,,,,,,
2019-07-03,30,20,0.042,0.023,0.4,0.003,,,,,,,,,,,,
2019-07-04,28,17,0.034,0.026,0.4,0.003,,,,,,,,,,,,
2019-07-05,29,19,0.045,0.035,0.5,0.003,,,,,,,,,,,,
2019-07-06,29,21,0.043,0.032,0.5,0.003,,,,,,,,,,,,
2019-07-07,16,12,0.043,0.014,0.3,0.002,,,,,,,,,,,,
2019-07-08,10,6,0.035,0.019,0.3,0.002,,,,,,,,,,,,
2019-07-09,10,6,0.033,0.019,0.4,0.002,,,,,,,,,,,,
2019-07-10,9,6,0.027,0.019,0.3,0.002,,,,,,,,,,,,
2019-07-11,5,3,0.023,0.014,0.3,0.002,,,,,,,,,,,,
2019-07-12,12,8,0.028,0.02,0.3,0.003,,,,,,,,,,,,
2019-07-13,29,22,0.043,0.023,0.5,0.004,,,,,,,,,,,,
2019-07-14,40,32,0.058,0.018,0.5,0.003,,,,,,,,,,,,
2019-07-15,38,28,0.031,0.034,0.6,0.002,,,,,,,,,,,,
2019-07-16,31,21,0.035,0.028,0.5,0.002,,,,,,,,,,,,
2019-07-17,66,46,0.035,0.029,0.6,0.003,,,,,,,,,,,,
2019-07-18,70,55,0.056,0.035,0.7,0.004,,,,,,,,,,,,
2019-07-19,37,28,0.032,0.032,0.5,0.004,,,,,,,,,,,,
2019-07-20,9,6,0.009,0.019,0.3,0.003,,,,,,,,,,,,
2019-07-21,16,10,0.018,0.012,0.3,0.003,,,,,,,,,,,,
2019-07-22,46,34,0.041,0.022,0.4,0.003,,,,,,,,,,,,
2019-07-23,26,18,0.018,0.023,0.4,0.003,,,,,,,,,,,,
2019-07-24,28,18,0.009,0.026,0.3,0.002,,,,,,,,,,,,
2019-07-25,31,22,0.013,0.03,0.3,0.002,,,,,,,,,,,,
2019-07-26,22,15,0.021,0.027,,0.002,,,,,,,,,,,,
2019-07-27,20,15,0.028,0.025,,0.003,,,,,,,,,,,,
2019-07-28,16,11,0.018,0.019,,0.002,,,,,,,,,,,,
2019-07-29,16,9,0.007,0.017,,0.002,,,,,,,,,,,,
2019-07-30,22,12,0.01,0.019,,0.002,,,,,,,,,,,,
2019-07-31,20,11,0.016,0.025,,0.002,,,,,,,,,,,,
2019-08-01,15,9,0.014,0.02,,0.002,,,,,,,,,,,,
2019-08-02,19,12,0.02,0.02,,0.002,,,,,,,,,,,,
2019-08-03,21,14,0.033,0.029,,0.002,,,,,,,,,,,,
2019-08-04,29,22,0.042,0.03,,0.003,,,,,,,,,,,,
2019-08-05,40,30,0.034,0.025,,0.003,,,,,,,,,,,,
2019-08-06,26,21,0.027,0.024,,0.003,,,,,,,,,,,,
2019-08-07,20,13,0.012,0.026,,0.003,,,,,,,,,,,,
2019-08-08,44,34,0.034,0.021,,0.003,,,,,,,,,,,,
2019-08-09,27,18,0.019,0.024,,0.003,,,,,,,,,,,,
2019-08-10,21,14,0.027,0.024,,0.003,,,,,,,,,,,,
2019-08-11,16,11,0.022,0.016,,0.003,,,,,,,,,,,,
2019-08-12,21,15,0.008,0.027,,0.003,,,,,,,,,,,,
2019-08-13,27,16,0.029,0.027,,0.003,,,,,,,,,,,,
2019-08-14,18,12,0.014,0.027,,0.003,,,,,,,,,,,,
2019-08-15,8,5,0.01,0.015,,0.002,,,,,,,,,,,,
2019-08-16,18,10,0.028,0.019,,0.003,,,,,,,,,,,,
2019-08-17,29,19,0.061,0.016,,0.003,,,,,,,,,,,,
2019-08-18,20,13,0.053,0.015,,0.003,,,,,,,,,,,,
2019-08-19,23,15,0.043,0.026,,0.003,,,,,,,,,,,,
2019-08-20,28,20,0.04,0.03,,0.003,,,,,,,,,,,,
2019-08-21,33,25,0.036,0.028,,0.003,,,,,,,,,,,,
2019-08-22,38,28,0.039,0.023,,0.003,,,,,,,,,,,,
2019-08-23,29,18,0.044,0.017,,0.003,,,,,,,,,,,,
2019-08-24,22,11,0.03,0.023,,0.003,,,,,,,,,,,,
2019-08-25,18,11,0.035,0.02,,0.003,,,,,,,,,,,,
2019-08-26,26,16,0.04,0.029,,0.003,,,,,,,,,,,,
2019-08-27,26,18,0.042,0.027,,0.003,,,,,,,,,,,,
2019-08-28,26,18,0.045,0.02,,0.003,,,,,,,,,,,,
2019-08-29,27,20,0.032,0.033,,0.003,,,,,,,,,,,,
2019-08-30,19,9,0.03,0.02,,0.003,,,,,,,,,,,,
2019-08-31,18,9,0.034,0.019,,0.003,,,,,,,,,,,,
2019-09-01,18,12,0.029,0.024,,0.003,,,,,,,,,,,,
2019-09-02,25,14,0.031,0.03,,0.003,,,,,,,,,,,,
2019-09-03,20,13,0.017,0.033,,0.003,,,,,,,,,,,,
2019-09-04,8,5,0.015,0.027,,0.002,,,,,,,,,,,,
2019-09-05,10,6,0.006,0.027,,0.003,,,,,,,,,,,,
2019-09-06,15,9,0.009,0.027,,0.003,,,,,,,,,,,,
2019-09-07,12,5,0.015,0.013,,0.003,,,,,,,,,,,,
2019-09-08,34,21,0.035,0.016,,0.003,,,,,,,,,,,,
2019-09-09,35,24,0.012,0.038,,0.003,,,,,,,,,,,,
2019-09-10,14,10,0.016,0.033,,0.002,,,,,,,,,,,,
2019-09-11,7,5,0.032,0.02,,0.002,,,,,,,,,,,,
2019-09-12,15,5,0.018,0.019,,0.002,,,,,,,,,,,,
2019-09-13,20,6,0.026,0.021,,0.002,,,,,,,,,,,,
2019-09-14,19,12,0.013,0.03,,0.003,,,,,,,,,,,,
2019-09-15,14,9,0.029,0.014,,0.002,,,,,,,,,,,,
2019-09-16,14,6,0.024,0.022,,0.003,,,,,,,,,,,,
2019-09-17,17,9,0.034,0.029,,0.003,,,,,,,,,,,,
2019-09-18,26,11,0.033,0.018,0.3,0.003,,,,,,,,,,,,
2019-09-19,24,9,0.027,0.022,0.4,0.003,,,,,,,,,,,,
2019-09-20,22,10,0.014,0.029,0.4,0.003,,,,,,,,,,,,
2019-09-21,14,8,0.014,0.029,0.4,0.003,,,,,,,,,,,,
2019-09-22,8,4,0.034,0.014,0.3,0.002,,,,,,,,,,,,
2019-09-23,12,5,0.032,0.017,0.3,0.002,,,,,,,,,,,,
2019-09-24,20,11,0.024,0.029,0.4,0.004,,,,,,,,,,,,
2019-09-25,27,16,0.019,0.043,0.6,0.004,,,,,,,,,,,,
2019-09-26,27,16,0.013,0.042,0.6,0.003,,,,,,,,,,,,
2019-09-27,22,12,0.013,0.038,0.5,0.003,,,,,,,,,,,,
2019-09-28,27,18,0.02,0.032,0.5,0.003,,,,,,,,,,,,
2019-09-29,35,24,0.035,0.026,0.5,0.003,,,,,,,,,,,,
2019-09-30,49,33,0.034,0.042,0.6,0.003,,,,,,,,,,,,
2019-10-01,43,31,0.021,0.045,0.6,0.003,,,,,,,,,,,,
2019-10-02,22,16,0.007,0.027,0.5,0.003,,,,,,,,,,,,
2019-10-03,8,4,0.017,0.017,0.3,0.003,,,,,,,,,,,,
2019-10-04,27,18,0.022,0.028,0.5,0.004,,,,,,,,,,,,
2019-10-05,35,20,0.024,0.017,0.5,0.003,,,,,,,,,,,,
2019-10-06,11,5,0.026,0.017,0.3,0.002,,,,,,,,,,,,
2019-10-07,10,6,0.011,0.025,0.4,0.002,,,,,,,,,,,,
2019-10-08,20,8,0.023,0.021,0.4,0.003,,,,,,,,,,,,
2019-10-09,20,9,0.016,0.03,0.5,0.003,,,,,,,,,,,,
2019-10-10,26,14,0.011,0.04,0.5,0.003,,,,,,,,,,,,
2019-10-11,31,20,0.022,0.031,0.5,0.003,,,,,,,,,,,,
2019-10-12,21,12,0.031,0.017,0.3,0.002,,,,,,,,,,,,
2019-10-13,18,10,0.022,0.025,0.4,0.002,,,,,,,,,,,,
2019-10-14,29,16,0.019,0.025,0.5,0.003,,,,,,,,,,,,
2019-10-15,16,8,0.018,0.028,0.4,0.003,,,,,,,,,,,,
2019-10-16,23,14,0.021,0.031,0.5,0.003,,,,,,,,,,,,
2019-10-17,27,17,0.014,0.04,0.5,0.003,,,,,,,,,,,,
2019-10-18,18,10,0.015,0.034,0.4,0.003,,,,,,,,,,,,
2019-10-19,20,10,0.027,0.025,0.4,0.003,,,,,,,,,,,,
2019-10-20,34,22,0.021,0.033,0.5,0.003,,,,,,,,,,,,
2019-10-21,38,26,0.018,0.047,0.7,0.003,,,,,,,,,,,,
2019-10-22,35,24,0.021,0.042,0.6,0.003,,,,,,,,,,,,
2019-10-23,21,14,0.019,0.034,0.5,0.003,,,,,,,,,,,,
2019-10-24,25,16,0.03,0.028,0.5,0.003,,,,,,,,,,,,
2019-10-25,22,11,0.03,0.021,0.4,0.003,,,,,,,,,,,,
2019-10-26,21,13,0.021,0.018,0.4,0.002,,,,,,,,,,,,
2019-10-27,22,14,0.02,0.028,0.5,0.003,,,,,,,,,,,,
2019-10-28,29,19,0.016,0.04,0.6,0.004,,,,,,,,,,,,
2019-10-29,83,16,0.021,0.023,0.4,0.003,,,,,,,,,,,,
2019-10-30,24,11,0.013,0.037,0.5,0.003,,,,,,,,,,,,
2019-10-31,72,24,0.022,0.041,0.6,0.004,,,,,,,,,,,,
2019-11-01,89,31,0.027,0.037,0.6,0.003,,,,,,,,,,,,
2019-11-02,67,37,0.01,0.059,0.8,0.005,,,,,,,,,,,,
2019-11-03,47,30,0.022,0.03,0.5,0.004,,,,,,,,,,,,
2019-11-04,13,7,0.016,0.031,0.4,0.003,,,,,,,,,,,,
2019-11-05,30,18,0.015,0.043,0.6,0.003,,,,,,,,,,,,
2019-11-06,45,30,0.013,0.047,0.7,0.004,,,,,,,,,,,,
2019-11-07,44,22,0.026,0.026,0.5,0.004,,,,,,,,,,,,
2019-11-08,36,16,0.016,0.035,0.5,0.003,,,,,,,,,,,,
2019-11-09,35,19,0.012,0.045,0.7,0.004,,,,,,,,,,,,
2019-11-10,36,25,0.011,0.044,0.7,0.004,,,,,,,,,,,,
2019-11-11,21,13,0.027,0.022,0.5,0.003,,,,,,,,,,,,
2019-11-12,37,22,0.005,0.051,0.8,0.004,,,,,,,,,,,,
2019-11-13,31,20,0.009,0.037,0.7,0.004,,,,,,,,,,,,
2019-11-14,18,7,0.021,0.021,0.4,0.003,,,,,,,,,,,,
2019-11-15,23,14,0.003,0.046,0.7,0.003,,,,,,,,,,,,
2019-11-16,33,22,0.004,0.045,0.8,0.003,,,,,,,,,,,,
2019-11-17,27,16,0.006,0.042,0.6,0.003,,,,,,,,,,,,
2019-11-18,62,10,0.023,0.016,0.4,0.002,,,,,,,,,,,,
2019-11-19,26,10,0.023,0.016,0.3,0.003,,,,,,,,,,,,
2019-11-20,20,12,0.014,0.03,0.5,0.003,,,,,,,,,,,,
2019-11-21,33,19,0.004,0.046,0.8,0.004,,,,,,,,,,,,
2019-11-22,42,24,0.005,0.048,0.9,0.004,,,,,,,,,,,,
2019-11-23,31,19,0.005,0.048,0.8,0.004,,,,,,,,,,,,
2019-11-24,27,19,0.009,0.035,0.7,0.004,,,,,,,,,,,,
2019-11-25,24,15,0.013,0.021,0.5,0.003,,,,,,,,,,,,
2019-11-26,22,15,0.005,0.037,0.6,0.003,,,,,,,,,,,,
2019-11-27,34,24,0.016,0.024,0.6,0.004,,,,,,,,,,,,
2019-11-28,36,22,0.008,0.035,0.6,0.004,,,,,,,,,,,,
2019-11-29,39,24,0.011,0.034,0.6,0.004,,,,,,,,,,,,
2019-11-30,42,30,0.004,0.049,0.7,0.005,,,,,,,,,,,,
2019-12-01,36,29,0.009,0.039,0.7,0.003,,,,,,,,,,,,
2019-12-02,20,13,0.024,0.017,0.4,0.003,,,,,,,,,,,,
2019-12-03,26,16,0.007,0.039,0.6,0.004,,,,,,,,,,,,
2019-12-04,25,16,0.013,0.034,0.5,0.004,,,,,,,,,,,,
2019-12-05,20,12,0.024,0.014,0.4,0.003,,,,,,,,,,,,
2019-12-06,28,17,0.012,0.028,0.5,0.003,,,,,,,,,,,,
2019-12-07,46,34,0.002,0.052,0.9,0.004,,,,,,,,,,,,
2019-12-08,49,40,0.006,0.045,0.8,0.003,,,,,,,,,,,,
2019-12-09,61,48,0.003,0.05,0.9,0.004,,,,,,,,,,,,
2019-12-10,101,76,0.01,0.055,1,0.004,,,,,,,,,,,,
2019-12-11,73,51,0.021,0.032,0.7,0.004,,,,,,,,,,,,
2019-12-12,19,14,0.016,0.018,0.4,0.003,,,,,,,,,,,,
2019-12-13,25,18,0.004,0.041,0.7,0.004,,,,,,,,,,,,
2019-12-14,34,25,0.014,0.023,0.5,0.003,,,,,,,,,,,,
2019-12-15,33,25,0.006,0.037,0.7,0.003,,,,,,,,,,,,
2019-12-16,35,25,0.003,0.046,0.9,0.004,,,,,,,,,,,,
2019-12-17,30,23,0.009,0.033,0.7,0.003,,,,,,,,,,,,
2019-12-18,38,32,0.013,0.023,0.5,0.003,,,,,,,,,,,,
2019-12-19,27,21,0.014,0.025,0.5,0.003,,,,,,,,,,,,
2019-12-20,28,22,0.018,0.022,0.5,0.003,,,,,,,,,,,,
2019-12-21,37,30,0.002,0.045,0.8,0.003,,,,,,,,,,,,
2019-12-22,60,53,0.008,0.037,0.7,0.003,,,,,,,,,,,,
2019-12-23,51,47,0.015,0.028,0.7,0.003,,,,,,,,,,,,
2019-12-24,72,64,0.006,0.045,1,0.003,,,,,,,,,,,,
2019-12-25,51,45,0.005,0.045,0.9,0.003,,,,,,,,,,,,
2019-12-26,46,38,0.014,0.03,0.6,0.003,,,,,,,,,,,,
2019-12-27,33,28,0.02,0.023,0.5,0.003,,,,,,,,,,,,
2019-12-28,44,33,0.004,0.044,0.7,0.004,,,,,,,,,,,,
2019-12-29,45,33,0.008,0.035,0.6,0.004,,,,,,,,,,,,
2019-12-30,35,30,0.012,0.03,0.6,0.003,,,,,,,,,,,,
2019-12-31,26,18,0.022,0.014,0.4,0.002,,,,,,,,,,,,
2020-01-01,35,29,0.003,0.037,0.7,0.003,,,,,,,,,,,,
2020-01-02,59,48,0.003,0.041,0.8,0.004,,,,,,,,,,,,
2020-01-03,65,52,0.01,0.036,0.8,0.004,,,,,,,,,,,,
2020-01-04,53,44,0.014,0.04,0.9,0.004,,,,,,,,,,,,
2020-01-05,52,43,0.006,0.047,0.9,0.004,,,,,,,,,,,,
2020-01-06,38,32,0.005,0.04,0.7,0.004,,,,,,,,,,,,
2020-01-07,9,8,0.008,0.031,0.5,0.003,,,,,,,,,,,,
2020-01-08,25,24,0.017,0.021,0.6,0.003,,,,,,,,,,,,
2020-01-09,50,47,0.022,0.02,0.6,0.003,,,,,,,,,,,,
2020-01-10,65,59,0.008,0.038,0.8,0.004,,,,,,,,,,,,
2020-01-11,50,46,0.016,0.032,0.8,0.004,,,,,,,,,,,,
2020-01-12,46,40,0.025,0.018,0.6,0.004,,,,,,,,,,,,
2020-01-13,25,21,0.02,0.019,0.4,0.003,,,,,,,,,,,,
2020-01-14,30,25,0.013,0.031,0.6,0.003,,,,,,,,,,,,
2020-01-15,36,28,0.015,0.027,0.6,0.004,,,,,,,,,,,,
2020-01-16,40,32,0.011,0.033,0.7,0.004,,,,,,,,,,,,
2020-01-17,56,42,0.006,0.046,0.8,0.004,,,,,,,,,,,,
2020-01-18,60,45,0.01,0.042,0.8,0.005,,,,,,,,,,,,
2020-01-19,62,53,0.015,0.036,0.8,0.004,,,,,,,,,,,,
2020-01-20,52,36,0.022,0.024,0.6,0.004,,,,,,,,,,,,
2020-01-21,42,31,0.009,0.039,0.7,0.004,,,,,,,,,,,,
2020-01-22,42,32,0.003,0.048,0.8,0.004,,,,,,,,,,,,
2020-01-23,59,46,0.016,0.039,0.8,0.004,,,,,,,,,,,,
2020-01-24,71,58,0.018,0.029,0.8,0.004,,,,,,,,,,,,
2020-01-25,46,40,0.009,0.034,0.7,0.003,,,,,,,,,,,,
2020-01-26,24,21,0.017,0.025,0.5,0.003,,,,,,,,,,,,
2020-01-27,10,6,0.031,0.01,0.3,0.002,,,,,,,,,,,,
2020-01-28,12,8,0.021,0.02,0.4,0.003,,,,,,,,,,,,
2020-01-29,15,10,0.017,0.024,0.4,0.003,,,,,,,,,,,,
2020-01-30,15,11,0.019,0.023,0.4,0.003,,,,,,,,,,,,
2020-01-31,26,22,0.017,0.029,0.5,0.003,,,,,,,,,,,,
2020-02-01,66,57,0.019,0.034,0.8,0.003,,,,,,,,,,,,
2020-02-02,68,61,0.02,0.029,0.8,0.004,,,,,,,,,,,,
2020-02-03,23,18,0.028,0.014,0.4,0.003,,,,,,,,,,,,
2020-02-04,23,19,0.019,0.024,0.5,0.003,,,,,,,,,,,,
2020-02-05,22,13,0.023,0.01,0.3,0.003,,,,,,,,,,,,
2020-02-06,38,24,0.01,0.028,0.5,0.003,,,,,,,,,,,,
2020-02-07,34,26,0.014,0.028,0.5,0.003,,,,,,,,,,,,
2020-02-08,39,33,0.029,0.013,0.5,0.003,,,,,,,,,,,,
2020-02-09,34,28,0.02,0.025,0.5,0.003,,,,,,,,,,,,
2020-02-10,43,33,0.015,0.038,0.6,0.003,,,,,,,,,,,,
2020-02-11,53,40,0.007,0.052,0.8,0.004,,,,,,,,,,,,
2020-02-12,49,39,0.006,0.048,0.8,0.004,,,,,,,,,,,,
2020-02-13,75,67,0.015,0.032,0.7,0.003,,,,,,,,,,,,
2020-02-14,81,72,0.011,0.043,0.9,0.003,,,,,,,,,,,,
2020-02-15,63,57,0.018,0.035,0.7,0.003,,,,,,,,,,,,
2020-02-16,25,22,0.025,0.012,0.5,0.002,,,,,,,,,,,,
2020-02-17,38,21,0.027,0.011,0.4,0.002,,,,,,,,,,,,
2020-02-18,22,18,0.021,0.02,0.4,0.003,,,,,,,,,,,,
2020-02-19,32,27,0.008,0.042,0.6,0.003,,,,,,,,,,,,
2020-02-20,59,52,0.008,0.047,0.8,0.003,,,,,,,,,,,,
2020-02-21,65,55,0.011,0.044,0.7,0.004,,,,,,,,,,,,
2020-02-22,68,43,0.031,0.015,0.6,0.003,,,,,,,,,,,,
2020-02-23,21,13,0.028,0.018,0.4,0.003,,,,,,,,,,,,
2020-02-24,33,22,0.015,0.039,0.6,0.004,,,,,,,,,,,,
2020-02-25,21,16,0.019,0.029,0.5,0.003,,,,,,,,,,,,
2020-02-26,16,11,0.023,0.021,0.4,0.003,,,,,,,,,,,,
2020-02-27,11,8,0.021,0.022,0.4,0.002,,,,,,,,,,,,
2020-02-28,24,20,0.006,0.039,0.6,0.003,,,,,,,,,,,,
2020-02-29,20,16,0.019,0.026,0.5,0.002,,,,,,,,,,,,
2020-03-01,43,37,0.014,0.03,0.6,0.003,,,,,,,,,,,,
2020-03-02,36,31,0.029,0.018,0.5,0.003,,,,,,,,,,,,
2020-03-03,43,37,0.019,0.032,0.6,0.003,,,,,,,,,,,,
2020-03-04,44,39,0.035,0.015,0.5,0.003,,,,,,,,,,,,
2020-03-05,34,31,0.028,0.019,0.5,0.003,,,,,,,,,,,,
2020-03-06,38,31,0.01,0.045,0.6,0.003,,,,,,,,,,,,
2020-03-07,52,44,0.014,0.043,0.6,0.003,,,,,,,,,,,,
2020-03-08,53,47,0.025,0.035,0.6,0.003,,,,,,,,,,,,
2020-03-09,53,45,0.022,0.042,0.6,0.003,,,,,,,,,,,,
2020-03-10,38,34,0.023,0.021,0.6,0.003,,,,,,,,,,,,
2020-03-11,29,14,0.027,0.016,0.3,0.003,,,,,,,,,,,,
2020-03-12,31,16,0.02,0.029,0.5,0.003,,,,,,,,,,,,
2020-03-13,28,15,0.029,0.013,0.4,0.003,,,,,,,,,,,,
2020-03-14,37,23,0.029,0.016,0.4,0.003,,,,,,,,,,,,
2020-03-15,36,20,0.03,0.012,0.4,0.003,,,,,,,,,,,,
2020-03-16,21,14,0.023,0.019,0.4,0.003,,,,,,,,,,,,
2020-03-17,46,26,0.017,0.034,0.5,0.003,,,,,,,,,,,,
2020-03-18,57,40,0.018,0.043,0.7,0.004,,,,,,,,,,,,
2020-03-19,51,26,0.037,0.016,0.4,0.003,,,,,,,,,,,,
2020-03-20,33,10,0.023,0.022,0.4,0.003,,,,,,,,,,,,
2020-03-21,49,18,0.033,0.022,0.5,0.004,,,,,,,,,,,,
2020-03-22,37,18,0.036,0.01,0.3,0.003,,,,,,,,,,,,
2020-03-23,45,31,0.028,0.029,0.5,0.004,,,,,,,,,,,,
2020-03-24,52,38,0.024,0.033,0.5,0.003,,,,,,,,,,,,
2020-03-25,44,33,0.022,0.041,0.6,0.004,,,,,,,,,,,,
2020-03-26,48,36,0.027,0.035,0.5,0.003,,,,,,,,,,,,
2020-03-27,41,25,0.029,0.013,0.4,0.003,,,,,,,,,,,,
2020-03-28,29,9,0.034,0.008,0.3,0.003,,,,,,,,,,,,
2020-03-29,37,19,0.027,0.019,0.4,0.003,,,,,,,,,,,,
2020-03-30,47,31,0.021,0.036,0.5,0.004,,,,,,,,,,,,
2020-03-31,45,29,0.021,0.039,0.5,0.003,,,,,,,,,,,,
2020-04-01,59,33,0.039,0.016,0.4,0.003,,,,,,,,,,,,
2020-04-02,36,28,0.025,0.027,0.5,0.003,,,,,,,,,,,,
2020-04-03,53,38,0.028,0.027,0.5,0.003,,,,,,,,,,,,
2020-04-04,60,31,0.035,0.013,0.4,0.003,,,,,,,,,,,,
2020-04-05,40,23,0.034,0.013,0.4,0.003,,,,,,,,,,,,
2020-04-06,49,25,0.023,0.032,0.5,0.003,,,,,,,,,,,,
2020-04-07,52,29,0.029,0.025,0.5,0.004,,,,,,,,,,,,
2020-04-08,38,20,0.033,0.012,0.4,0.003,,,,,,,,,,,,
2020-04-09,41,27,0.032,0.016,0.4,0.003,,,,,,,,,,,,
2020-04-10,39,27,0.028,0.024,0.5,0.003,,,,,,,,,,,,
2020-04-11,33,23,0.029,0.021,0.4,0.003,,,,,,,,,,,,
2020-04-12,29,22,0.031,0.014,0.4,0.002,,,,,,,,,,,,
2020-04-13,19,13,0.032,0.016,0.3,0.002,,,,,,,,,,,,
2020-04-14,47,32,0.031,0.033,0.5,0.004,,,,,,,,,,,,
2020-04-15,54,40,0.038,0.032,0.5,0.003,,,,,,,,,,,,
2020-04-16,48,33,0.036,0.031,0.5,0.003,,,,,,,,,,,,
2020-04-17,39,24,0.024,0.025,0.4,0.002,,,,,,,,,,,,
2020-04-18,22,14,0.029,0.014,0.4,0.002,,,,,,,,,,,,
2020-04-19,22,16,0.024,0.018,0.4,0.002,,,,,,,,,,,,
2020-04-20,12,9,0.03,0.016,0.4,0.002,,,,,,,,,,,,
2020-04-21,28,10,0.03,0.012,0.3,0.002,,,,,,,,,,,,
2020-04-22,68,11,0.026,0.009,0.3,0.002,,,,,,,,,,,,
2020-04-23,37,13,0.027,0.012,0.3,0.002,,,,,,,,,,,,
2020-04-24,34,14,0.03,0.02,0.4,0.003,,,,,,,,,,,,
2020-04-25,49,23,0.042,0.015,0.4,0.003,,,,,,,,,,,,
2020-04-26,25,15,0.034,0.01,0.3,0.003,,,,,,,,,,,,
2020-04-27,28,17,0.03,0.019,0.4,0.003,,,,,,,,,,,,
2020-04-28,32,21,0.034,0.023,0.4,0.003,,,,,,,,,,,,
2020-04-29,40,26,0.037,0.026,0.5,0.003,,,,,,,,,,,,
2020-04-30,34,21,0.034,0.025,0.4,0.003,,,,,,,,,,,,
2020-05-01,49,33,0.037,0.012,0.4,0.003,,,,,,,,,,,,
2020-05-02,44,30,0.027,0.012,0.4,0.002,,,,,,,,,,,,
2020-05-03,25,19,0.03,0.013,0.4,0.002,,,,,,,,,,,,
2020-05-04,30,18,0.03,0.019,0.4,0.003,,,,,,,,,,,,
2020-05-05,29,18,0.022,0.025,0.5,0.003,,,,,,,,,,,,
2020-05-06,28,16,0.031,0.025,0.4,0.003,,,,,,,,,,,,
2020-05-07,23,13,0.035,0.024,0.4,0.003,,,,,,,,,,,,
2020-05-08,23,13,0.033,0.025,0.4,0.003,,,,,,,,,,,,
2020-05-09,14,8,0.024,0.017,0.4,0.002,,,,,,,,,,,,
2020-05-10,26,21,0.033,0.013,0.5,0.002,,,,,,,,,,,,
2020-05-11,92,27,0.034,0.018,0.5,0.002,,,,,,,,,,,,
2020-05-12,34,15,0.029,0.016,0.4,0.002,,,,,,,,,,,,
2020-05-13,26,11,0.023,0.024,0.4,0.003,,,,,,,,,,,,
2020-05-14,35,13,0.022,0.034,0.5,0.003,,,,,,,,,,,,
2020-05-15,31,13,0.018,0.03,0.4,0.003,,,,,,,,,,,,
2020-05-16,21,14,0.021,0.021,0.5,0.002,,,,,,,,,,,,
2020-05-17,37,28,0.028,0.017,0.5,0.002,,,,,,,,,,,,
2020-05-18,39,27,0.025,0.024,0.5,0.002,,,,,,,,,,,,
2020-05-19,13,6,0.024,0.012,0.4,0.002,,,,,,,,,,,,
2020-05-20,6,4,0.02,0.015,0.3,0.002,,,,,,,,,,,,
2020-05-21,23,13,0.021,0.025,0.4,0.003,,,,,,,,,,,,
2020-05-22,46,33,0.026,0.031,0.5,0.004,,,,,,,,,,,,
2020-05-23,50,38,0.022,0.023,0.5,0.003,,,,,,,,,,,,
2020-05-25,45,33,0.038,0.034,0.6,0.003,,,,,,,,,,,,
2020-05-26,38,27,0.031,0.023,0.5,0.003,,,,,,,,,,,,
2020-05-27,19,14,0.039,0.016,0.4,0.003,,,,,,,,,,,,
2020-05-28,27,21,0.04,0.025,0.4,0.003,,,,,,,,,,,,
2020-05-29,31,22,0.035,0.024,0.4,0.003,,,,,,,,,,,,
2020-05-30,33,26,0.046,0.026,0.5,0.003,,,,,,,,,,,,
2020-05-31,37,30,0.048,0.018,0.4,0.003,,,,,,,,,,,,
2020-06-01,18,10,0.035,0.015,0.3,0.002,,,,,,,,,,,,
2020-06-02,22,15,0.024,0.029,0.4,0.003,,,,,,,,,,,,
2020-06-03,43,24,0.042,0.019,0.5,0.002,,,,,,,,,,,,
2020-06-04,45,26,0.036,0.017,0.4,0.002,,,,,,,,,,,,
2020-06-05,39,21,0.037,0.02,0.4,0.002,,,,,,,,,,,,
2020-06-06,50,32,0.05,0.023,0.5,0.003,,,,,,,,,,,,
2020-06-07,42,27,0.041,0.014,0.4,0.003,,,,,,,,,,,,
2020-06-08,38,22,0.037,0.021,0.4,0.003,,,,,,,,,,,,
2020-06-09,43,24,0.038,0.025,0.4,0.003,,,,,,,,,,,,
2020-06-10,40,24,0.026,0.028,0.4,0.003,,,,,,,,,,,,
2020-06-11,25,18,0.028,0.014,0.3,0.003,,,,,,,,,,,,
2020-06-12,41,23,0.019,0.036,0.5,0.004,,,,,,,,,,,,
2020-06-13,47,27,0.05,0.025,0.5,0.004,,,,,,,,,,,,
2020-06-14,35,25,0.042,0.012,0.4,0.003,,,,,,,,,,,,
2020-06-15,23,15,0.036,0.018,0.4,0.003,,,,,,,,,,,,
2020-06-16,52,41,0.062,0.02,0.6,0.003,,,,,,,,,,,,
2020-06-17,46,37,0.044,0.026,0.6,0.005,,,,,,,,,,,,
2020-06-18,31,23,0.037,0.024,0.5,0.004,,,,,,,,,,,,
2020-06-19,21,16,0.036,0.015,0.4,0.003,,,,,,,,,,,,
2020-06-20,35,26,0.038,0.021,0.5,0.003,,,,,,,,,,,,
2020-06-21,30,24,0.042,0.014,0.4,0.003,,,,,,,,,,,,
2020-06-22,36,24,0.041,0.021,0.5,0.003,,,,,,,,,,,,
2020-06-23,37,26,0.038,0.032,0.5,0.004,,,,,,,,,,,,
2020-06-24,30,22,0.024,0.028,0.5,0.003,,,,,,,,,,,,
2020-06-25,13,11,0.023,0.019,0.5,0.003,,,,,,,,,,,,
2020-06-26,19,16,0.039,0.016,0.4,0.003,,,,,,,,,,,,
2020-06-27,22,17,0.044,0.017,0.4,0.004,,,,,,,,,,,,
2020-06-28,27,21,0.044,0.009,0.4,0.003,,,,,,,,,,,,
2020-06-29,36,29,0.026,0.028,0.6,0.003,,,,,,,,,,,,
2020-06-30,6,5,0.039,0.009,0.3,0.002,,,,,,,,,,,,
2020-07-01,20,14,0.027,0.021,0.4,0.003,,,,,,,,,,,,
2020-07-02,52,41,0.051,0.022,0.6,0.004,,,,,,,,,,,,
2020-07-03,39,31,0.035,0.022,0.5,0.003,,,,,,,,,,,,
2020-07-04,19,16,0.043,0.014,0.3,0.003,,,,,,,,,,,,
2020-07-05,27,25,0.05,0.013,0.4,0.003,,,,,,,,,,,,
2020-07-06,22,18,0.044,0.017,0.4,0.003,,,,,,,,,,,,
2020-07-07,13,11,0.036,0.012,0.3,0.002,,,,,,,,,,,,
2020-07-08,26,20,0.036,0.018,0.4,0.003,,,,,,,,,,,,
2020-07-09,42,31,0.039,0.026,0.6,0.003,,,,,,,,,,,,
2020-07-10,13,10,0.031,0.015,0.4,0.003,,,,,,,,,,,,
2020-07-11,6,5,0.036,0.011,0.3,0.002,,,,,,,,,,,,
2020-07-12,14,10,0.026,0.014,0.3,0.002,,,,,,,,,,,,
2020-07-13,9,7,0.02,0.017,0.4,0.002,,,,,,,,,,,,
2020-07-14,6,3,0.023,0.012,0.3,0.002,,,,,,,,,,,,
2020-07-15,11,6,0.023,0.015,0.3,0.002,,,,,,,,,,,,
2020-07-16,25,17,0.035,0.018,0.4,0.003,,,,,,,,,,,,
2020-07-17,33,24,0.035,0.021,0.4,0.003,,,,,,,,,,,,
2020-07-18,41,32,0.045,0.023,0.5,0.003,,,,,,,,,,,,
2020-07-19,19,16,0.025,0.015,0.4,0.002,,,,,,,,,,,,
2020-07-20,17,12,0.029,0.014,0.4,0.002,,,,,,,,,,,,
2020-07-21,29,22,0.049,0.017,0.5,0.002,,,,,,,,,,,,
2020-07-22,23,18,0.02,0.027,0.6,0.002,,,,,,,,,,,,
2020-07-23,20,15,0.02,0.023,0.5,0.003,,,,,,,,,,,,
2020-07-24,9,4,0.026,0.014,0.3,0.002,,,,,,,,,,,,
2020-07-25,3,2,0.022,0.01,0.3,0.002,,,,,,,,,,,,
2020-07-26,10,7,0.031,0.013,0.3,0.002,,,,,,,,,,,,
2020-07-27,12,9,0.018,0.016,0.4,0.002,,,,,,,,,,,,
2020-07-28,12,8,0.017,0.018,0.4,0.002,,,,,,,,,,,,
2020-07-29,11,8,0.011,0.021,0.4,0.002,,,,,,,,,,,,
2020-07-30,19,16,0.023,0.02,0.4,0.003,,,,,,,,,,,,
2020-07-31,20,16,0.022,0.018,0.4,0.003,,,,,,,,,,,,
2020-08-01,14,10,0.008,0.013,0.3,0.002,,,,,,,,,,,,
2020-08-02,12,8,0.014,0.014,0.3,0.002,,,,,,,,,,,,
2020-08-03,17,13,0.011,0.017,0.3,0.002,,,,,,,,,,,,
2020-08-04,42,34,0.007,0.013,0.3,0.002,,,,,,,,,,,,
2020-08-05,38,30,0.003,0.017,0.4,0.003,,,,,,,,,,,,
2020-08-06,16,10,0.016,0.016,0.3,0.002,,,,,,,,,,,,
2020-08-07,27,21,0.016,0.025,0.5,0.003,,,,,,,,,,,,
2020-08-08,15,10,0.013,0.017,0.4,0.002,,,,,,,,,,,,
2020-08-09,10,6,0.01,0.015,0.3,0.002,,,,,,,,,,,,
2020-08-10,14,9,0.006,0.017,0.4,0.003,,,,,,,,,,,,
2020-08-11,10,8,0.022,0.022,0.4,0.003,,,,,,,,,,,,
2020-08-12,22,16,0.02,0.023,0.4,0.003,,,,,,,,,,,,
2020-08-13,26,16,0.025,0.019,0.4,0.003,,,,,,,,,,,,
2020-08-14,34,23,0.035,0.016,0.4,0.003,,,,,,,,,,,,
2020-08-15,43,35,0.037,0.019,0.4,0.003,,,,,,,,,,,,
2020-08-16,22,17,0.02,0.01,0.2,0.003,,,,,,,,,,,,
2020-08-17,25,21,0.026,0.012,0.2,0.003,,,,,,,,,,,,
2020-08-18,32,27,0.024,0.018,0.3,0.003,,,,,,,,,,,,
2020-08-19,40,33,0.02,0.014,0.3,0.003,,,,,,,,,,,,
2020-08-20,35,31,0.022,0.017,0.3,0.003,,,,,,,,,,,,
2020-08-21,28,24,0.015,0.023,0.4,0.003,,,,,,,,,,,,
2020-08-22,16,12,0.017,0.021,0.4,0.002,,,,,,,,,,,,
2020-08-23,11,9,0.032,0.014,0.3,0.003,,,,,,,,,,,,
2020-08-24,21,18,0.025,0.022,0.4,0.003,,,,,,,,,,,,
2020-08-25,29,26,0.026,0.02,0.4,0.003,,,,,,,,,,,,
2020-08-26,21,18,0.023,0.02,0.3,0.002,,,,,,,,,,,,
2020-08-27,21,15,0.026,0.017,0.3,0.002,,,,,,,,,,,,
2020-08-28,23,19,0.021,0.021,0.4,0.002,,,,,,,,,,,,
2020-08-29,16,13,0.013,0.02,0.4,0.002,,,,,,,,,,,,
2020-08-30,12,11,0.028,0.013,0.3,0.002,,,,,,,,,,,,
2020-08-31,9,5,0.019,0.018,0.4,0.002,,,,,,,,,,,,
2020-09-01,16,10,0.024,0.025,0.4,0.003,,,,,,,,,,,,
2020-09-02,14,9,0.011,0.019,0.4,0.002,,,,,,,,,,,,
2020-09-03,17,7,0.04,0.011,0.3,0.002,,,,,,,,,,,,
2020-09-04,24,12,0.036,0.024,0.4,0.003,,,,,,,,,,,,
2020-09-05,29,21,0.036,0.028,0.5,0.003,,,,,,,,,,,,
2020-09-06,25,17,0.028,0.015,0.4,0.002,,,,,,,,,,,,
2020-09-07,5,3,0.037,0.009,0.3,0.002,,,,,,,,,,,,
2020-09-08,25,13,0.042,0.014,0.4,0.002,,,,,,,,,,,,
2020-09-09,26,20,0.033,0.025,0.5,0.003,,,,,,,,,,,,
2020-09-10,27,20,0.036,0.024,0.5,0.003,,,,,,,,,,,,
2020-09-11,24,18,0.025,0.025,0.5,0.002,,,,,,,,,,,,
2020-09-12,10,6,0.027,0.015,0.3,0.002,,,,,,,,,,,,
2020-09-13,8,4,0.028,0.008,0.3,0.002,,,,,,,,,,,,
2020-09-14,20,14,0.032,0.017,0.4,0.002,,,,,,,,,,,,
2020-09-15,33,25,0.034,0.026,0.6,0.003,,,,,,,,,,,,
2020-09-16,23,18,0.026,0.026,0.5,0.003,,,,,,,,,,,,
2020-09-17,18,9,0.029,0.019,0.4,0.003,,,,,,,,,,,,
2020-09-18,19,9,0.033,0.019,0.4,0.003,,,,,,,,,,,,
2020-09-19,19,10,0.038,0.017,0.4,0.003,,,,,,,,,,,,
2020-09-20,18,12,0.035,0.012,0.3,0.003,,,,,,,,,,,,
2020-09-21,23,15,0.02,0.026,0.4,0.003,,,,,,,,,,,,
2020-09-22,18,11,0.018,0.021,0.4,0.002,,,,,,,,,,,,
2020-09-23,11,6,,,,,,,,,,,,,,,,
2020-09-24,12,5,,,,,,,,,,,,,,,,
2020-09-25,14,6,0.023,0.018,0.3,0.002,,,,,,,,,,,,
2020-09-26,17,8,0.026,0.012,0.3,0.002,,,,,,,,,,,,
2020-09-27,16,8,0.029,0.011,0.3,0.002,,,,,,,,,,,,
2020-09-28,27,14,0.021,0.025,0.4,0.002,,,,,,,,,,,,
2020-09-29,37,19,0.026,0.023,0.4,0.003,,,,,,,,,,,,
2020-09-30,36,21,0.026,0.019,0.4,0.003,,,,,,,,,,,,
2020-10-01,19,12,0.033,0.011,0.3,0.002,,,,,,,,,,,,
2020-10-02,27,16,0.04,0.013,0.4,0.002,,,,,,,,,,,,
2020-10-03,40,22,0.036,0.015,0.5,0.002,,,,,,,,,,,,
2020-10-04,29,15,0.039,0.009,0.4,0.003,,,,,,,,,,,,
2020-10-05,26,10,0.023,0.011,0.4,0.002,,,,,,,,,,,,
2020-10-06,25,11,0.023,0.016,0.4,0.002,,,,,,,,,,,,
2020-10-07,25,11,0.015,0.023,0.4,0.003,,,,,,,,,,,,
2020-10-08,19,10,0.029,0.019,0.4,0.002,,,,,,,,,,,,
2020-10-09,19,9,0.031,0.019,0.3,0.002,,,,,,,,,,,,
2020-10-10,21,11,0.034,0.016,0.3,0.002,,,,,,,,,,,,
2020-10-11,26,14,0.029,0.02,0.4,0.002,,,,,,,,,,,,
2020-10-12,40,19,0.026,0.023,0.5,0.003,,,,,,,,,,,,
2020-10-13,30,11,0.026,0.019,0.4,0.003,,,,,,,,,,,,
2020-10-14,40,14,0.019,0.026,0.5,0.003,,,,,,,,,,,,
2020-10-15,39,12,0.018,0.025,0.4,0.003,,,,,,,,,,,,
2020-10-16,40,18,0.007,0.041,0.6,0.003,,,,,,,,,,,,
2020-10-17,33,19,0.02,0.027,0.5,0.003,,,,,,,,,,,,
2020-10-18,33,17,0.027,0.028,0.5,0.004,,,,,,,,,,,,
2020-10-19,69,38,0.03,0.038,0.7,0.004,,,,,,,,,,,,
2020-10-20,76,43,0.017,0.046,0.8,0.003,,,,,,,,,,,,
2020-10-21,55,29,0.007,0.049,0.7,0.003,,,,,,,,,,,,
2020-10-22,81,34,0.02,0.025,0.5,0.003,,,,,,,,,,,,
2020-10-23,30,10,0.024,0.012,0.3,0.003,,,,,,,,,,,,
2020-10-24,30,12,0.022,0.018,0.4,0.003,,,,,,,,,,,,
2020-10-25,34,16,0.018,0.031,0.5,0.003,,,,,,,,,,,,
2020-10-26,61,31,0.022,0.04,0.6,0.003,,,,,,,,,,,,
2020-10-27,91,54,0.025,0.042,0.7,0.004,,,,,,,,,,,,
2020-10-28,52,24,0.031,0.017,0.4,0.003,,,,,,,,,,,,
2020-10-29,41,16,0.02,0.028,0.4,0.003,,,,,,,,,,,,
2020-10-30,51,21,0.011,0.04,0.6,0.003,,,,,,,,,,,,
2020-10-31,33,15,0.022,0.028,0.4,0.003,,,,,,,,,,,,
2020-11-01,54,29,0.022,0.023,0.5,0.003,,,,,,,,,,,,
2020-11-02,51,16,0.018,0.023,0.5,0.003,,,,,,,,,,,,
2020-11-03,24,8,0.024,0.01,0.3,0.002,,,,,,,,,,,,
2020-11-04,34,11,0.021,0.021,0.4,0.003,,,,,,,,,,,,
2020-11-05,44,20,0.008,0.044,0.6,0.003,,,,,,,,,,,,
2020-11-06,54,29,0.006,0.047,0.6,0.004,,,,,,,,,,,,
2020-11-07,100,44,0.03,0.025,0.6,0.003,,,,,,,,,,,,
2020-11-08,65,16,0.024,0.012,0.4,0.003,,,,,,,,,,,,
2020-11-09,30,9,0.015,0.021,0.4,0.003,,,,,,,,,,,,
2020-11-10,28,11,0.015,0.026,0.4,0.003,,,,,,,,,,,,
2020-11-11,47,23,0.007,0.044,0.6,0.003,,,,,,,,,,,,
2020-11-12,75,46,0.008,0.06,0.8,0.004,,,,,,,,,,,,
2020-11-13,87,55,0.014,0.053,0.8,0.003,,,,,,,,,,,,
2020-11-14,82,50,0.015,0.046,0.7,0.003,,,,,,,,,,,,
2020-11-15,85,57,0.02,0.042,0.7,0.003,,,,,,,,,,,,
2020-11-16,81,51,0.012,0.046,0.8,0.003,,,,,,,,,,,,
2020-11-17,74,45,0.016,0.044,0.7,0.003,,,,,,,,,,,,
2020-11-18,56,37,0.005,0.036,0.6,0.003,,,,,,,,,,,,
2020-11-19,20,11,0.016,0.014,0.4,0.003,,,,,,,,,,,,
2020-11-20,25,14,0.02,0.012,0.3,0.002,,,,,,,,,,,,
2020-11-21,32,19,0.009,0.027,0.5,0.002,,,,,,,,,,,,
2020-11-22,31,21,0.02,0.014,0.4,0.002,,,,,,,,,,,,
2020-11-23,29,17,0.017,0.018,0.4,0.003,,,,,,,,,,,,
2020-11-24,31,16,0.007,0.036,0.5,0.003,,,,,,,,,,,,
2020-11-25,41,23,0.006,0.042,0.7,0.003,,,,,,,,,,,,
2020-11-26,69,40,0.01,0.041,0.7,0.004,,,,,,,,,,,,
2020-11-27,50,29,0.017,0.023,0.5,0.003,,,,,,,,,,,,
2020-11-28,25,13,0.022,0.013,0.4,0.003,,,,,,,,,,,,
2020-11-29,29,15,0.019,0.018,0.4,0.003,,,,,,,,,,,,
2020-11-30,31,17,0.018,0.024,0.5,0.003,,,,,,,,,,,,
2020-12-01,37,20,0.016,0.029,0.5,0.003,,,,,,,,,,,,
2020-12-02,38,19,0.015,0.03,0.5,0.003,,,,,,,,,,,,
2020-12-03,29,16,0.025,0.019,0.4,0.003,,,,,,,,,,,,
2020-12-04,35,19,0.015,0.03,0.5,0.003,,,,,,,,,,,,
2020-12-05,43,25,0.009,0.045,0.7,0.003,,,,,,,,,,,,
2020-12-06,53,36,0.012,0.042,0.7,0.004,,,,,,,,,,,,
2020-12-07,64,45,0.021,0.03,0.6,0.004,,,,,,,,,,,,
2020-12-08,27,15,0.022,0.023,0.4,0.003,,,,,,,,,,,,
2020-12-09,46,27,0.004,0.053,0.7,0.004,,,,,,,,,,,,
2020-12-10,77,52,0.009,0.05,0.8,0.004,,,,,,,,,,,,
2020-12-11,119,85,0.01,0.047,1,0.004,,,,,,,,,,,,
2020-12-12,62,38,0.021,0.029,0.6,0.004,,,,,,,,,,,,
2020-12-13,41,26,0.019,0.026,0.5,0.003,,,,,,,,,,,,
2020-12-14,29,12,0.022,0.012,0.4,0.002,,,,,,,,,,,,
2020-12-15,28,12,0.023,0.012,0.4,0.003,,,,,,,,,,,,
2020-12-16,28,14,0.02,0.016,0.4,0.003,,,,,,,,,,,,
2020-12-17,32,18,0.01,0.036,0.6,0.003,,,,,,,,,,,,
2020-12-18,37,23,0.014,0.03,0.6,0.003,,,,,,,,,,,,
2020-12-19,29,14,0.021,0.015,0.4,0.003,,,,,,,,,,,,
2020-12-20,29,17,0.018,0.026,0.5,0.003,,,,,,,,,,,,
2020-12-21,43,29,0.006,0.053,0.8,0.004,,,,,,,,,,,,
2020-12-22,58,40,0.009,0.059,0.9,0.004,,,,,,,,,,,,
2020-12-23,76,53,0.013,0.055,0.9,0.004,,,,,,,,,,,,
2020-12-24,69,39,0.022,0.028,0.6,0.004,,,,,,,,,,,,
2020-12-25,31,15,0.021,0.024,0.5,0.003,,,,,,,,,,,,
2020-12-26,62,31,0.009,0.05,0.8,0.004,,,,,,,,,,,,
2020-12-27,75,44,0.01,0.046,0.8,0.004,,,,,,,,,,,,
2020-12-28,73,46,0.008,0.054,0.9,0.004,,,,,,,,,,,,
2020-12-29,75,47,0.012,0.034,0.8,0.003,,,,,,,,,,,,
2020-12-30,37,13,0.022,0.01,0.4,0.002,,,,,,,,,,,,
2020-12-31,29,13,0.02,0.017,0.4,0.003,,,,,,,,,,,,
